,Country,Date,Cum_conf_cases,Cum_susp_cases,Cum_conf_death
1,Guinea,10/03/2015,2871,22,1778
2,Liberia,10/03/2015,3150,4314,NA
3,Sierra Leone,10/03/2015,8428,2904,3263
4,United Kingdom,10/03/2015,1,0,NA
5,Mali,10/03/2015,7,0,NA
6,Nigeria,10/03/2015,19,0,7
7,Senegal,10/03/2015,1,0,0
8,Spain,10/03/2015,1,0,0
9,United States of America,10/03/2015,4,0,1
10,United Kingdom,06/03/2015,1,0,NA
11,Guinea,06/03/2015,2840,16,1755
12,Liberia,06/03/2015,3150,4222,NA
13,Sierra Leone,06/03/2015,8389,2841,3210
14,Mali,06/03/2015,7,0,NA
15,Nigeria,06/03/2015,19,0,7
16,Senegal,06/03/2015,1,0,0
17,Spain,06/03/2015,1,0,0
18,United States of America,06/03/2015,4,0,1
19,United Kingdom,05/03/2015,1,0,NA
20,Guinea,05/03/2015,2833,12,1749
21,Liberia,05/03/2015,3150,4222,NA
22,Sierra Leone,05/03/2015,8383,2827,3199
23,Mali,05/03/2015,7,0,NA
24,Nigeria,05/03/2015,19,0,7
25,Senegal,05/03/2015,1,0,0
26,Spain,05/03/2015,1,0,0
27,United States of America,05/03/2015,4,0,1
28,United Kingdom,04/03/2015,1,0,NA
29,Mali,04/03/2015,7,0,NA
30,Nigeria,04/03/2015,19,0,7
31,Senegal,04/03/2015,1,0,0
32,Spain,04/03/2015,1,0,0
33,United States of America,04/03/2015,4,0,1
34,Guinea,04/03/2015,2808,5,1735
35,Liberia,04/03/2015,3153,4224,NA
36,Sierra Leone,04/03/2015,8353,2803,3164
37,United Kingdom,02/03/2015,1,0,NA
38,Guinea,02/03/2015,2808,5,1735
39,Liberia,02/03/2015,3153,4224,NA
40,Sierra Leone,02/03/2015,8353,2803,3164
41,Mali,02/03/2015,7,0,NA
42,Nigeria,02/03/2015,19,0,7
43,Senegal,02/03/2015,1,0,0
44,Spain,02/03/2015,1,0,0
45,United States of America,02/03/2015,4,0,1
46,United Kingdom,27/02/2015,1,0,NA
47,Guinea,27/02/2015,2790,8,1721
48,Liberia,27/02/2015,3153,4224,NA
49,Sierra Leone,27/02/2015,8320,2763,3124
50,Mali,27/02/2015,7,0,NA
51,Nigeria,27/02/2015,19,0,7
52,Senegal,27/02/2015,1,0,0
53,Spain,27/02/2015,1,0,0
54,United States of America,27/02/2015,4,0,1
55,United Kingdom,26/02/2015,1,0,NA
56,Guinea,26/02/2015,2781,7,1714
57,Liberia,26/02/2015,3153,4224,NA
58,Sierra Leone,26/02/2015,8308,2746,3113
59,Mali,26/02/2015,7,0,NA
60,Nigeria,26/02/2015,19,0,7
61,Senegal,26/02/2015,1,0,0
62,Spain,26/02/2015,1,0,0
63,United States of America,26/02/2015,4,0,1
64,United Kingdom,25/02/2015,1,0,NA
65,Guinea,25/02/2015,2762,6,1704
66,Liberia,25/02/2015,3153,4197,NA
67,Sierra Leone,25/02/2015,8289,2725,3095
68,Mali,25/02/2015,7,0,NA
69,Nigeria,25/02/2015,19,0,7
70,Senegal,25/02/2015,1,0,0
71,Spain,25/02/2015,1,0,0
72,United States of America,25/02/2015,4,0,1
73,United Kingdom,23/02/2015,1,0,NA
74,Guinea,23/02/2015,2758,10,1699
75,Liberia,23/02/2015,3153,4188,NA
76,Sierra Leone,23/02/2015,8223,2645,3057
77,Mali,23/02/2015,7,0,NA
78,Nigeria,23/02/2015,19,0,7
79,Senegal,23/02/2015,1,0,0
80,Spain,23/02/2015,1,0,0
81,United States of America,23/02/2015,4,0,1
82,United Kingdom,20/02/2015,1,0,NA
83,Guinea,20/02/2015,2734,2,1688
84,Liberia,20/02/2015,3152,4062,NA
85,Sierra Leone,20/02/2015,8223,2645,3057
86,Mali,20/02/2015,7,0,NA
87,Nigeria,20/02/2015,19,0,7
88,Senegal,20/02/2015,1,0,0
89,Spain,20/02/2015,1,0,0
90,United States of America,20/02/2015,4,0,1
91,United Kingdom,19/02/2015,1,0,NA
92,Guinea,19/02/2015,2732,2,1686
93,Liberia,19/02/2015,3152,4062,NA
94,Sierra Leone,19/02/2015,8223,2645,3057
95,Mali,19/02/2015,7,0,NA
96,Nigeria,19/02/2015,19,0,7
97,Senegal,19/02/2015,1,0,0
98,Spain,19/02/2015,1,0,0
99,United States of America,19/02/2015,4,0,1
100,United Kingdom,18/02/2015,1,0,NA
101,Guinea,18/02/2015,2727,7,1683
102,Sierra Leone,18/02/2015,8212,2604,3042
103,Liberia,18/02/2015,3149,3982,NA
104,Mali,18/02/2015,7,0,NA
105,Nigeria,18/02/2015,19,0,7
106,Senegal,18/02/2015,1,0,0
107,Spain,18/02/2015,1,0,0
108,United States of America,18/02/2015,4,0,1
109,United Kingdom,17/02/2015,1,0,NA
110,Guinea,17/02/2015,2727,7,1683
111,Liberia,17/02/2015,3149,3982,NA
112,Sierra Leone,17/02/2015,8212,2604,3042
113,Mali,17/02/2015,7,0,NA
114,Nigeria,17/02/2015,19,0,7
115,Senegal,17/02/2015,1,0,0
116,Spain,17/02/2015,1,0,0
117,United States of America,17/02/2015,4,0,1
118,United Kingdom,16/02/2015,1,0,NA
119,Guinea,16/02/2015,2720,7,1678
120,Liberia,16/02/2015,3149,3982,NA
121,Sierra Leone,16/02/2015,8199,2588,3035
122,Mali,16/02/2015,7,0,NA
123,Nigeria,16/02/2015,19,0,7
124,Senegal,16/02/2015,1,0,0
125,Spain,16/02/2015,1,0,0
126,United States of America,16/02/2015,4,0,1
127,Guinea,13/02/2015,2693,15,1659
128,Liberia,13/02/2015,3147,3908,3858
129,Sierra Leone,13/02/2015,8155,2545,2997
130,United Kingdom,13/02/2015,1,0,NA
131,Mali,13/02/2015,7,0,NA
132,Nigeria,13/02/2015,19,0,7
133,Senegal,13/02/2015,1,0,0
134,Spain,13/02/2015,1,0,0
135,United States of America,13/02/2015,4,0,1
136,United Kingdom,12/02/2015,1,0,NA
137,Guinea,12/02/2015,2685,16,1651
138,Liberia,12/02/2015,3146,3862,3826
139,Sierra Leone,12/02/2015,8138,2529,2984
140,Mali,12/02/2015,7,0,NA
141,Nigeria,12/02/2015,19,0,7
142,Senegal,12/02/2015,1,0,0
143,Spain,12/02/2015,1,0,0
144,United States of America,12/02/2015,4,0,1
145,United Kingdom,11/02/2015,1,0,NA
146,Guinea,11/02/2015,2674,18,1643
147,Sierra Leone,11/02/2015,8135,2512,2975
148,Liberia,11/02/2015,3146,3862,3826
149,Mali,11/02/2015,7,0,NA
150,Nigeria,11/02/2015,19,0,7
151,Senegal,11/02/2015,1,0,0
152,Spain,11/02/2015,1,0,0
153,United States of America,11/02/2015,4,0,1
154,Guinea,10/02/2015,2674,18,1643
155,Liberia,10/02/2015,3146,3862,3826
156,Sierra Leone,10/02/2015,8135,2512,2975
157,United Kingdom,10/02/2015,1,0,NA
158,Mali,10/02/2015,7,0,NA
159,Nigeria,10/02/2015,19,0,7
160,Senegal,10/02/2015,1,0,0
161,Spain,10/02/2015,1,0,0
162,United States of America,10/02/2015,4,0,1
163,United Kingdom,06/02/2015,1,0,NA
164,Guinea,06/02/2015,2628,11,1608
165,Liberia,06/02/2015,3143,3732,NA
166,Sierra Leone,06/02/2015,8084,2421,2935
167,Mali,06/02/2015,7,0,NA
168,Nigeria,06/02/2015,19,0,7
169,Senegal,06/02/2015,1,0,0
170,Spain,06/02/2015,1,0,0
171,United States of America,06/02/2015,4,0,1
172,United Kingdom,05/02/2015,1,0,NA
173,Guinea,05/02/2015,2621,18,1600
174,Liberia,05/02/2015,3143,3732,NA
175,Sierra Leone,05/02/2015,8063,2406,2920
176,Mali,05/02/2015,7,0,NA
177,Nigeria,05/02/2015,19,0,7
178,Senegal,05/02/2015,1,0,0
179,Spain,05/02/2015,1,0,0
180,United States of America,05/02/2015,4,0,1
181,United Kingdom,04/02/2015,1,0,NA
182,Guinea,04/02/2015,2608,20,1597
183,Liberia,04/02/2015,3143,3732,NA
184,Sierra Leone,04/02/2015,8059,2394,2910
185,Mali,04/02/2015,7,0,NA
186,Nigeria,04/02/2015,19,0,7
187,Senegal,04/02/2015,1,0,0
188,Spain,04/02/2015,1,0,0
189,United States of America,04/02/2015,4,0,1
190,United Kingdom,03/02/2015,1,0,NA
191,Guinea,03/02/2015,2608,20,1597
192,Liberia,03/02/2015,3143,3717,NA
193,Sierra Leone,03/02/2015,8059,2394,2910
194,Mali,03/02/2015,7,0,NA
195,Nigeria,03/02/2015,19,0,7
196,Senegal,03/02/2015,1,0,0
197,Spain,03/02/2015,1,0,0
198,United States of America,03/02/2015,4,0,1
199,Guinea,02/02/2015,2593,24,1595
200,Liberia,02/02/2015,3138,3666,NA
201,Sierra Leone,02/02/2015,8042,2378,2908
202,United Kingdom,02/02/2015,1,0,NA
203,Mali,02/02/2015,7,0,NA
204,Nigeria,02/02/2015,19,0,7
205,Senegal,02/02/2015,1,0,0
206,Spain,02/02/2015,1,0,0
207,United States of America,02/02/2015,4,0,1
208,United Kingdom,30/01/2015,1,0,NA
209,Guinea,30/01/2015,2575,13,1581
210,Liberia,30/01/2015,3138,3641,NA
211,Sierra Leone,30/01/2015,7989,2285,2850
212,Mali,30/01/2015,7,0,NA
213,Nigeria,30/01/2015,19,0,7
214,Senegal,30/01/2015,1,0,0
215,Spain,30/01/2015,1,0,0
216,United States of America,30/01/2015,4,0,1
217,United Kingdom,29/01/2015,1,0,NA
218,Guinea,29/01/2015,2571,18,1579
219,Liberia,29/01/2015,3138,3641,NA
220,Sierra Leone,29/01/2015,7977,2273,2841
221,Mali,29/01/2015,7,0,NA
222,Nigeria,29/01/2015,19,0,7
223,Senegal,29/01/2015,1,0,0
224,Spain,29/01/2015,1,0,0
225,United States of America,29/01/2015,4,0,1
226,Sierra Leone,28/01/2015,7968,2263,2833
227,Guinea,28/01/2015,2569,16,1578
228,Liberia,28/01/2015,3138,3620,NA
229,United Kingdom,28/01/2015,1,0,NA
230,Mali,28/01/2015,7,0,NA
231,Nigeria,28/01/2015,19,0,7
232,Senegal,28/01/2015,1,0,0
233,Spain,28/01/2015,1,0,0
234,United States of America,28/01/2015,4,0,1
235,Liberia,27/01/2015,3138,3620,NA
236,Guinea,27/01/2015,2569,16,1578
237,Sierra Leone,27/01/2015,7968,2263,2833
238,United Kingdom,27/01/2015,1,0,NA
239,Mali,27/01/2015,7,0,NA
240,Nigeria,27/01/2015,19,0,7
241,Senegal,27/01/2015,1,0,0
242,Spain,27/01/2015,1,0,0
243,United States of America,27/01/2015,4,0,1
244,Guinea,26/01/2015,2559,18,1574
245,Sierra Leone,26/01/2015,7963,2241,2829
246,Liberia,26/01/2015,3136,3534,NA
247,United Kingdom,26/01/2015,1,0,NA
248,Mali,26/01/2015,7,0,NA
249,Nigeria,26/01/2015,19,0,7
250,Senegal,26/01/2015,1,0,0
251,Spain,26/01/2015,1,0,0
252,United States of America,26/01/2015,4,0,1
253,Liberia,23/01/2015,3136,3534,NA
254,United Kingdom,23/01/2015,1,0,NA
255,Sierra Leone,23/01/2015,7921,2192,2793
256,Guinea,23/01/2015,2545,9,1561
257,Mali,23/01/2015,7,0,NA
258,Nigeria,23/01/2015,19,0,7
259,Senegal,23/01/2015,1,0,0
260,Spain,23/01/2015,1,0,0
261,United States of America,23/01/2015,4,0,1
262,Liberia,22/01/2015,3136,3534,NA
263,Guinea,22/01/2015,2542,12,1560
264,Sierra Leone,22/01/2015,7909,2166,2787
265,United Kingdom,22/01/2015,1,0,NA
266,Mali,22/01/2015,7,0,NA
267,Nigeria,22/01/2015,19,0,7
268,Senegal,22/01/2015,1,0,0
269,Spain,22/01/2015,1,0,0
270,United States of America,22/01/2015,4,0,1
271,Guinea,21/01/2015,2539,13,1557
272,Liberia,21/01/2015,3135,3489,NA
273,Sierra Leone,21/01/2015,7903,2150,2779
274,United Kingdom,21/01/2015,1,0,NA
275,Mali,21/01/2015,7,0,NA
276,Nigeria,21/01/2015,19,0,7
277,Senegal,21/01/2015,1,0,0
278,Spain,21/01/2015,1,0,0
279,United States of America,21/01/2015,4,0,1
280,Guinea,20/01/2015,2539,13,1557
281,Sierra Leone,20/01/2015,7903,2150,2779
282,Liberia,20/01/2015,3135,3489,NA
283,United Kingdom,20/01/2015,1,0,NA
284,Mali,20/01/2015,7,0,NA
285,Nigeria,20/01/2015,19,0,7
286,Senegal,20/01/2015,1,0,0
287,Spain,20/01/2015,1,0,0
288,United States of America,20/01/2015,4,0,1
289,Guinea,19/01/2015,2539,15,1556
290,Sierra Leone,19/01/2015,7883,2136,2766
291,United Kingdom,19/01/2015,1,0,NA
292,Liberia,19/01/2015,3131,3454,NA
293,Mali,19/01/2015,7,0,NA
294,Nigeria,19/01/2015,19,0,7
295,Senegal,19/01/2015,1,0,0
296,Spain,19/01/2015,1,0,0
297,United States of America,19/01/2015,4,0,1
298,Mali,16/01/2015,7,0,NA
299,United Kingdom,16/01/2015,1,0,NA
300,Guinea,16/01/2015,2525,12,1541
301,Liberia,16/01/2015,3127,3394,NA
302,Sierra Leone,16/01/2015,7825,2074,2717
303,Nigeria,16/01/2015,19,0,7
304,Senegal,16/01/2015,1,0,0
305,Spain,16/01/2015,1,0,0
306,United States of America,16/01/2015,4,0,1
307,Guinea,15/01/2015,2522,11,1537
308,Liberia,15/01/2015,3127,3394,NA
309,Sierra Leone,15/01/2015,7802,2061,2701
310,Mali,15/01/2015,7,0,NA
311,United Kingdom,15/01/2015,1,0,NA
312,Nigeria,15/01/2015,19,0,7
313,Senegal,15/01/2015,1,0,0
314,Spain,15/01/2015,1,0,0
315,United States of America,15/01/2015,4,0,1
316,Mali,14/01/2015,7,0,NA
317,United Kingdom,14/01/2015,1,0,NA
318,Guinea,14/01/2015,2514,8,1530
319,Liberia,14/01/2015,3127,3365,NA
320,Sierra Leone,14/01/2015,7786,2051,2696
321,Nigeria,14/01/2015,19,0,7
322,Senegal,14/01/2015,1,0,0
323,Spain,14/01/2015,1,0,0
324,United States of America,14/01/2015,4,0,1
325,Guinea,13/01/2015,2508,7,1523
326,Liberia,13/01/2015,3123,3322,NA
327,Sierra Leone,13/01/2015,7766,2041,2683
328,Mali,13/01/2015,7,1,NA
329,United Kingdom,13/01/2015,1,0,NA
330,Mali,12/01/2015,7,0,NA
331,United Kingdom,12/01/2015,1,0,NA
332,Liberia,12/01/2015,3123,3322,NA
333,Guinea,12/01/2015,2508,7,1523
334,Sierra Leone,12/01/2015,7766,2041,2683
335,Liberia,09/01/2015,3123,3309,NA
336,Guinea,09/01/2015,2493,18,1515
337,Sierra Leone,09/01/2015,7759,1984,2611
338,Mali,09/01/2015,7,0,NA
339,United Kingdom,09/01/2015,1,0,NA
340,Mali,08/01/2015,7,0,NA
341,United Kingdom,08/01/2015,1,0,NA
342,Liberia,08/01/2015,3118,3232,NA
343,Guinea,08/01/2015,2477,17,1504
344,Sierra Leone,08/01/2015,7759,1984,2611
345,Guinea,07/01/2015,2471,22,1499
346,Liberia,07/01/2015,3118,3223,NA
347,Sierra Leone,07/01/2015,7602,1819,2577
348,Mali,07/01/2015,7,0,NA
349,United Kingdom,07/01/2015,1,0,0
350,Nigeria,07/01/2015,19,0,7
351,Senegal,07/01/2015,1,0,0
352,Spain,07/01/2015,1,0,0
353,United States of America,07/01/2015,4,0,1
354,Guinea,06/01/2015,2471,22,1499
355,Liberia,06/01/2015,3118,3223,NA
356,Sierra Leone,06/01/2015,7602,1819,2577
357,Mali,06/01/2015,7,0,NA
358,United Kingdom,06/01/2015,1,0,0
359,Nigeria,06/01/2015,19,0,7
360,Senegal,06/01/2015,1,0,0
361,Spain,06/01/2015,1,0,0
362,United States of America,06/01/2015,4,0,1
363,Guinea,05/01/2015,2465,26,1488
364,Liberia,05/01/2015,3116,3198,NA
365,Sierra Leone,05/01/2015,7570,1915,2549
366,Mali,05/01/2015,7,0,NA
367,United Kingdom,05/01/2015,1,0,NA
368,United States of America,05/01/2015,4,0,1
369,Nigeria,05/01/2015,19,0,7
370,Senegal,05/01/2015,1,0,0
371,Spain,05/01/2015,1,0,0
372,Guinea,02/01/2015,2435,19,1463
373,Liberia,02/01/2015,3110,3132,NA
374,Sierra Leone,02/01/2015,7476,1870,2461
375,Mali,02/01/2015,7,0,NA
376,United Kingdom,02/01/2015,1,0,NA
377,United States of America,02/01/2015,4,0,1
378,Nigeria,02/01/2015,19,0,7
379,Senegal,02/01/2015,1,0,0
380,Spain,02/01/2015,1,0,0
381,Guinea,31/12/2014,2397,34,1433
382,Liberia,31/12/2014,3110,3132,NA
383,Sierra Leone,31/12/2014,7354,1805,2392
384,Mali,31/12/2014,7,0,NA
385,United States of America,31/12/2014,4,0,1
386,Nigeria,31/12/2014,19,0,7
387,Senegal,31/12/2014,1,0,0
388,Spain,31/12/2014,1,0,0
389,Guinea,30/12/2014,2397,34,1433
390,Liberia,30/12/2014,3108,3096,NA
391,Sierra Leone,30/12/2014,7354,1805,2392
392,Mali,30/12/2014,7,0,NA
393,Spain,30/12/2014,1,0,0
394,United States of America,30/12/2014,4,0,1
395,Nigeria,30/12/2014,19,0,7
396,Senegal,30/12/2014,1,0,0
397,Guinea,29/12/2014,2384,36,1422
398,Liberia,29/12/2014,3108,3096,NA
399,Sierra Leone,29/12/2014,7326,1796,2366
400,Mali,29/12/2014,7,0,NA
401,Spain,29/12/2014,1,0,0
402,United States of America,29/12/2014,4,0,1
403,Nigeria,29/12/2014,19,0,7
404,Senegal,29/12/2014,1,0,0
405,Guinea,26/12/2014,2342,19,1385
406,Liberia,26/12/2014,3085,3020,NA
407,Sierra Leone,26/12/2014,7160,1756,2289
408,Mali,26/12/2014,7,0,NA
409,Spain,26/12/2014,1,0,0
410,United States of America,26/12/2014,4,0,1
411,Nigeria,26/12/2014,19,0,7
412,Senegal,26/12/2014,1,0,0
413,Guinea,24/12/2014,2284,50,1344
414,Liberia,24/12/2014,3085,3020,NA
415,Sierra Leone,24/12/2014,7017,1700,2216
416,Mali,24/12/2014,7,0,NA
417,Spain,24/12/2014,1,0,0
418,United States of America,24/12/2014,4,0,1
419,Nigeria,24/12/2014,19,0,7
420,Senegal,24/12/2014,1,0,0
421,Guinea,23/12/2014,2284,50,1344
422,Liberia,23/12/2014,3085,2991,NA
423,Sierra Leone,23/12/2014,7017,1700,2216
424,Mali,23/12/2014,7,0,NA
425,Spain,23/12/2014,1,0,0
426,United States of America,23/12/2014,4,0,1
427,Nigeria,23/12/2014,19,0,7
428,Senegal,23/12/2014,1,0,0
429,Guinea,22/12/2014,2259,49,1323
430,Liberia,22/12/2014,3085,2991,NA
431,Sierra Leone,22/12/2014,6975,1677,2190
432,Mali,22/12/2014,7,0,NA
433,Spain,22/12/2014,1,0,0
434,United States of America,22/12/2014,4,0,1
435,Nigeria,22/12/2014,19,0,7
436,Senegal,22/12/2014,1,0,0
437,Guinea,17/12/2014,2127,26,1262
438,Liberia,17/12/2014,2946,3050,NA
439,Sierra Leone,17/12/2014,6702,1575,1876
440,Mali,17/12/2014,7,0,NA
441,United States of America,17/12/2014,4,0,1
442,Nigeria,17/12/2014,19,0,7
443,Senegal,17/12/2014,1,0,0
444,Spain,17/12/2014,1,0,0
445,Guinea,15/12/2014,2115,16,1255
446,Liberia,15/12/2014,2946,3050,NA
447,Sierra Leone,15/12/2014,6638,1556,1824
448,Mali,15/12/2014,7,0,NA
449,Spain,15/12/2014,1,0,0
450,United States of America,15/12/2014,4,0,1
451,Nigeria,15/12/2014,19,0,7
452,Senegal,15/12/2014,1,0,0
453,Guinea,10/12/2014,2051,20,1207
454,Liberia,10/12/2014,2830,3075,NA
455,Sierra Leone,10/12/2014,6375,1443,1559
456,Mali,10/12/2014,7,0,NA
457,United States of America,10/12/2014,4,0,1
458,Nigeria,10/12/2014,19,0,7
459,Senegal,10/12/2014,1,0,0
460,Spain,10/12/2014,1,0,0
461,Guinea,03/12/2014,1929,25,1117
462,Liberia,03/12/2014,2801,3042,NA
463,Sierra Leone,03/12/2014,5978,1255,1374
464,Mali,03/12/2014,7,0,NA
465,United States of America,03/12/2014,4,0,1
466,Nigeria,03/12/2014,19,0,7
467,Senegal,03/12/2014,1,0,0
468,Spain,03/12/2014,1,0,0
469,Guinea,01/12/2014,1921,24,1102
470,Liberia,01/12/2014,2801,3042,NA
471,Sierra Leone,01/12/2014,5831,1199,1321
472,Mali,01/12/2014,7,0,NA
473,Spain,01/12/2014,1,0,0
474,United States of America,01/12/2014,4,0,1
475,Nigeria,01/12/2014,19,0,7
476,Senegal,01/12/2014,1,0,0
477,Guinea,26/11/2014,1850,74,1050
478,Liberia,26/11/2014,2727,2687,NA
479,Sierra Leone,26/11/2014,5441,1079,1189
480,Mali,26/11/2014,7,0,5
481,Spain,26/11/2014,1,0,0
482,United States of America,26/11/2014,4,0,1
483,Nigeria,26/11/2014,19,0,7
484,Senegal,26/11/2014,1,0,0
485,Guinea,21/11/2014,1745,86,998
486,Liberia,21/11/2014,2669,2663,NA
487,Sierra Leone,21/11/2014,5152,959,1058
488,Mali,21/11/2014,5,0,5
489,Spain,21/11/2014,1,0,0
490,United States of America,21/11/2014,4,0,1
491,Nigeria,21/11/2014,19,0,7
492,Senegal,21/11/2014,1,0,0
493,Guinea,19/11/2014,1698,63,982
494,Liberia,19/11/2014,2643,2664,NA
495,Sierra Leone,19/11/2014,5056,938,1041
496,Mali,19/11/2014,5,0,4
497,Spain,19/11/2014,1,0,0
498,United States of America,19/11/2014,4,0,1
499,Nigeria,19/11/2014,19,0,7
500,Senegal,19/11/2014,1,0,0
501,Guinea,14/11/2014,1647,64,958
502,Liberia,14/11/2014,2562,2600,NA
503,Sierra Leone,14/11/2014,4683,824,978
504,Mali,14/11/2014,3,0,NA
505,Spain,14/11/2014,1,0,0
506,United States of America,14/11/2014,4,0,1
507,Nigeria,14/11/2014,19,0,7
508,Senegal,14/11/2014,1,0,0
509,Guinea,12/11/2014,1612,58,934
510,Liberia,12/11/2014,2553,2582,NA
511,Sierra Leone,12/11/2014,4523,766,960
512,Mali,12/11/2014,2,0,2
513,Spain,12/11/2014,1,0,0
514,United States of America,12/11/2014,4,0,1
515,Nigeria,12/11/2014,19,0,7
516,Senegal,12/11/2014,1,0,0
517,Guinea,07/11/2014,1479,77,850
518,Liberia,07/11/2014,2514,2476,NA
519,Sierra Leone,07/11/2014,4149,634,921
520,Mali,07/11/2014,1,0,1
521,Spain,07/11/2014,1,0,0
522,United States of America,07/11/2014,4,0,1
523,Nigeria,07/11/2014,19,0,7
524,Senegal,07/11/2014,1,0,0
525,Guinea,05/11/2014,1457,70,837
526,Liberia,05/11/2014,2451,2447,NA
527,Sierra Leone,05/11/2014,4057,623,893
528,Mali,05/11/2014,1,0,1
529,Spain,05/11/2014,1,0,0
530,United States of America,05/11/2014,4,0,1
531,Nigeria,05/11/2014,19,0,7
532,Senegal,05/11/2014,1,0,0
533,Guinea,31/10/2014,1409,54,NA
534,Liberia,31/10/2014,2515,2480,NA
535,Sierra Leone,31/10/2014,3778,1238,NA
536,Mali,31/10/2014,1,0,1
537,Spain,31/10/2014,1,0,0
538,United States of America,31/10/2014,4,0,1
539,Nigeria,31/10/2014,19,0,7
540,Senegal,31/10/2014,1,0,0
541,Guinea,29/10/2014,1391,316,NA
542,Liberia,29/10/2014,2515,2480,NA
543,Sierra Leone,29/10/2014,3700,1213,NA
544,Mali,29/10/2014,1,0,1
545,Spain,29/10/2014,1,0,0
546,United States of America,29/10/2014,4,0,1
547,Nigeria,29/10/2014,19,0,7
548,Senegal,29/10/2014,1,0,0
549,Guinea,25/10/2014,1312,47,732
550,Liberia,25/10/2014,965,1594,1241
551,Sierra Leone,25/10/2014,3389,470,1008
552,Mali,25/10/2014,1,NA,1
553,Spain,25/10/2014,1,NA,0
554,United States of America,25/10/2014,4,NA,1
555,Nigeria,25/10/2014,19,0,7
556,Senegal,25/10/2014,1,0,0
557,Guinea,22/10/2014,1289,58,710
558,Liberia,22/10/2014,965,1594,1241
559,Sierra Leone,22/10/2014,3223,446,986
560,Spain,22/10/2014,1,NA,0
561,United States of America,22/10/2014,3,NA,1
562,Nigeria,22/10/2014,19,0,7
563,Senegal,22/10/2014,1,0,0
564,Guinea,17/10/2014,1217,111,671
565,Sierra Leone,17/10/2014,2977,396,932
566,Nigeria,17/10/2014,19,0,7
567,Senegal,17/10/2014,1,0,0
568,Spain,17/10/2014,1,NA,0
569,United States of America,17/10/2014,3,NA,1
570,Guinea,15/10/2014,1184,98,653
571,Liberia,15/10/2014,950,1376,NA
572,Sierra Leone,15/10/2014,2849,366,926
573,Nigeria,15/10/2014,19,0,7
574,Senegal,15/10/2014,1,0,0
575,Spain,15/10/2014,1,NA,0
576,United States of America,15/10/2014,2,NA,1
577,Guinea,10/10/2014,1097,73,598
578,Liberia,10/10/2014,943,1259,1072
579,Sierra Leone,10/10/2014,2593,320,753
580,Nigeria,10/10/2014,19,0,7
581,Senegal,10/10/2014,1,0,0
582,Spain,10/10/2014,1,NA,0
583,United States of America,10/10/2014,1,NA,0
584,Guinea,08/10/2014,1044,74,587
585,Liberia,08/10/2014,941,1188,1018
586,Sierra Leone,08/10/2014,2455,297,725
587,Nigeria,08/10/2014,19,0,7
588,Senegal,08/10/2014,1,0,0
589,United States of America,08/10/2014,1,NA,0
590,Guinea,03/10/2014,977,45,562
591,Liberia,03/10/2014,931,1190,934
592,Sierra Leone,03/10/2014,2179,221,575
593,Nigeria,03/10/2014,19,0,7
594,Senegal,03/10/2014,1,0,0
595,United States of America,03/10/2014,1,NA,0
596,Guinea,01/10/2014,950,37,535
597,Liberia,01/10/2014,927,1113,890
598,Sierra Leone,01/10/2014,2076,191,574
599,Nigeria,01/10/2014,19,0,7
600,Senegal,01/10/2014,1,0,0
601,Guinea,26/09/2014,876,36,481
602,Liberia,26/09/2014,914,1005,792
603,Sierra Leone,26/09/2014,1816,168,557
604,Nigeria,26/09/2014,19,0,7
605,Senegal,26/09/2014,1,0,0
606,Guinea,24/09/2014,832,28,468
607,Liberia,24/09/2014,890,921,671
608,Sierra Leone,24/09/2014,1745,158,552
609,Nigeria,24/09/2014,19,0,7
610,Senegal,24/09/2014,1,0,0
611,Guinea,22/09/2014,818,28,465
612,Liberia,22/09/2014,863,817,670
613,Sierra Leone,22/09/2014,1640,136,545
614,Nigeria,22/09/2014,19,0,7
615,Senegal,22/09/2014,1,0,0
616,Guinea,18/09/2014,750,30,435
617,Liberia,18/09/2014,812,675,631
618,Sierra Leone,18/09/2014,1513,123,517
619,Nigeria,18/09/2014,19,1,7
620,Senegal,18/09/2014,1,0,0
621,Guinea,16/09/2014,743,31,429
622,Liberia,16/09/2014,790,539,563
623,Sierra Leone,16/09/2014,1464,119,514
624,Nigeria,16/09/2014,19,1,7
625,Senegal,16/09/2014,1,0,0
626,Guinea,12/09/2014,678,32,403
627,Liberia,12/09/2014,654,453,498
628,Sierra Leone,12/09/2014,1287,100,478
629,Nigeria,12/09/2014,19,1,7
630,Senegal,12/09/2014,1,2,0
631,Guinea,08/09/2014,664,47,400
632,Liberia,08/09/2014,634,443,508
633,Sierra Leone,08/09/2014,1234,90,461
634,Nigeria,08/09/2014,19,1,7
635,Senegal,08/09/2014,1,2,0
636,Guinea,05/09/2014,604,56,362
637,Liberia,05/09/2014,614,369,431
638,Sierra Leone,05/09/2014,1146,78,443
639,Nigeria,05/09/2014,18,3,7
640,Senegal,05/09/2014,1,NA,0
641,Guinea,29/08/2014,482,25,287
642,Liberia,29/08/2014,322,382,225
643,Sierra Leone,29/08/2014,935,54,380
644,Nigeria,29/08/2014,15,3,6
645,Sierra Leone,11/03/2015,8428,2904,3263
646,Guinea,11/03/2015,2871,22,1778
647,Liberia,11/03/2015,3150,4314,NA
648,United Kingdom,11/03/2015,1,0,NA
649,Mali,11/03/2015,7,0,NA
650,Nigeria,11/03/2015,19,0,7
651,Senegal,11/03/2015,1,0,0
652,Spain,11/03/2015,1,0,0
653,United States of America,11/03/2015,4,0,1
654,Guinea,12/03/2015,2901,34,1792
655,Liberia,12/03/2015,3150,4314,NA
656,Sierra Leone,12/03/2015,8463,2927,3289
657,United Kingdom,12/03/2015,1,0,NA
658,Mali,12/03/2015,7,0,NA
659,Nigeria,12/03/2015,19,0,7
660,Senegal,12/03/2015,1,0,0
661,Spain,12/03/2015,1,0,0
662,United States of America,12/03/2015,4,0,1
663,Guinea,13/03/2015,2911,25,1797
664,Liberia,13/03/2015,3150,4453,NA
665,Sierra Leone,13/03/2015,8469,2940,3297
666,United Kingdom,13/03/2015,1,0,NA
667,Mali,13/03/2015,7,0,NA
668,Nigeria,13/03/2015,19,0,7
669,Senegal,13/03/2015,1,0,0
670,Spain,13/03/2015,1,0,0
671,United States of America,13/03/2015,4,0,1
672,Guinea,16/03/2015,2957,21,1821
673,Liberia,16/03/2015,3150,4453,NA
674,Sierra Leone,16/03/2015,8484,2971,3321
675,United Kingdom,16/03/2015,1,0,NA
676,Mali,16/03/2015,7,0,NA
677,Nigeria,16/03/2015,19,0,7
678,Senegal,16/03/2015,1,0,0
679,Spain,16/03/2015,1,0,0
680,United States of America,16/03/2015,4,0,1
681,Guinea,17/03/2015,2966,28,1829
682,Liberia,17/03/2015,3150,4497,NA
683,Sierra Leone,17/03/2015,8487,2977,3325
684,United Kingdom,17/03/2015,1,0,NA
685,Mali,17/03/2015,7,0,NA
686,Nigeria,17/03/2015,19,0,7
687,Senegal,17/03/2015,1,0,0
688,Spain,17/03/2015,1,0,0
689,United States of America,17/03/2015,4,0,1
690,Guinea,18/03/2015,2966,28,1829
691,Liberia,18/03/2015,3150,4497,NA
692,Sierra Leone,18/03/2015,8487,2977,3325
693,United Kingdom,18/03/2015,1,0,NA
694,Mali,18/03/2015,7,0,NA
695,Nigeria,18/03/2015,19,0,7
696,Senegal,18/03/2015,1,0,0
697,Spain,18/03/2015,1,0,0
698,United States of America,18/03/2015,4,0,1
699,Guinea,20/03/2015,2988,21,1846
700,Liberia,20/03/2015,3150,4526,NA
701,Sierra Leone,20/03/2015,8508,2999,3346
702,United Kingdom,20/03/2015,1,0,NA
703,Mali,20/03/2015,7,0,NA
704,Nigeria,20/03/2015,19,0,7
705,Senegal,20/03/2015,1,0,0
706,Spain,20/03/2015,1,0,0
707,United States of America,20/03/2015,4,0,1
708,Guinea,23/03/2015,3007,15,1863
709,Liberia,23/03/2015,3151,4563,NA
710,Sierra Leone,23/03/2015,8518,3024,3376
711,United Kingdom,23/03/2015,1,0,NA
712,Mali,23/03/2015,7,0,NA
713,Nigeria,23/03/2015,19,0,7
714,Senegal,23/03/2015,1,0,0
715,Spain,23/03/2015,1,0,0
716,United States of America,23/03/2015,4,0,1
717,Guinea,24/03/2015,3011,20,1865
718,Liberia,24/03/2015,3151,4572,NA
719,Sierra Leone,24/03/2015,8520,3034,3381
720,United Kingdom,24/03/2015,1,0,NA
721,Mali,24/03/2015,7,0,NA
722,Nigeria,24/03/2015,19,0,7
723,Senegal,24/03/2015,1,0,0
724,Spain,24/03/2015,1,0,0
725,United States of America,24/03/2015,4,0,1
726,Guinea,25/03/2015,3011,20,1865
727,Sierra Leone,25/03/2015,8520,3034,3381
728,Liberia,25/03/2015,3151,4572,NA
729,United Kingdom,25/03/2015,1,0,NA
730,Mali,25/03/2015,7,0,NA
731,Nigeria,25/03/2015,19,0,7
732,Senegal,25/03/2015,1,0,0
733,Spain,25/03/2015,1,0,0
734,United States of America,25/03/2015,4,0,1
735,Liberia,26/03/2015,3151,4572,NA
736,Guinea,26/03/2015,3032,29,1875
737,Sierra Leone,26/03/2015,8529,3050,3398
738,United Kingdom,26/03/2015,1,0,NA
739,Mali,26/03/2015,7,0,NA
740,Nigeria,26/03/2015,19,0,7
741,Senegal,26/03/2015,1,0,0
742,Spain,26/03/2015,1,0,0
743,United States of America,26/03/2015,4,0,1
744,Sierra Leone,27/03/2015,8532,3070,3407
745,Liberia,27/03/2015,3151,4572,NA
746,Guinea,27/03/2015,3042,26,1878
747,United Kingdom,27/03/2015,1,0,NA
748,Mali,27/03/2015,7,0,NA
749,Nigeria,27/03/2015,19,0,7
750,Senegal,27/03/2015,1,0,0
751,Spain,27/03/2015,1,0,0
752,United States of America,27/03/2015,4,0,1
753,Guinea,07/04/2015,3089,12,1919
754,Liberia,07/04/2015,3151,4832,NA
755,Sierra Leone,07/04/2015,8555,3297,3466
756,United Kingdom,07/04/2015,1,0,NA
757,Mali,07/04/2015,7,0,NA
758,Nigeria,07/04/2015,19,0,7
759,Senegal,07/04/2015,1,0,0
760,Spain,07/04/2015,1,0,0
761,United States of America,07/04/2015,4,0,1
762,Guinea,09/04/2015,3093,8,1921
763,Liberia,09/04/2015,3151,4832,NA
764,Sierra Leone,09/04/2015,8558,3310,3475
765,United Kingdom,09/04/2015,1,0,NA
766,Mali,09/04/2015,7,0,NA
767,Nigeria,09/04/2015,19,0,7
768,Senegal,09/04/2015,1,0,0
769,Spain,09/04/2015,1,0,0
770,United States of America,09/04/2015,4,0,1
771,Guinea,13/04/2015,3112,15,1928
772,Liberia,13/04/2015,3151,4832,NA
773,Sierra Leone,13/04/2015,8560,3341,3488
774,United Kingdom,13/04/2015,1,0,NA
775,Mali,13/04/2015,7,0,NA
776,Nigeria,13/04/2015,19,0,7
777,Senegal,13/04/2015,1,0,0
778,Spain,13/04/2015,1,0,0
779,United States of America,13/04/2015,4,0,1
780,Guinea,14/04/2015,3117,17,1932
781,Liberia,14/04/2015,3151,4832,NA
782,Sierra Leone,14/04/2015,8563,3351,3491
783,United Kingdom,14/04/2015,1,0,NA
784,Mali,14/04/2015,7,0,NA
785,Nigeria,14/04/2015,19,0,7
786,Senegal,14/04/2015,1,0,0
787,Spain,14/04/2015,1,0,0
788,United States of America,14/04/2015,4,0,1
789,Guinea,15/04/2015,3117,17,1932
790,Liberia,15/04/2015,3151,5012,NA
791,Sierra Leone,15/04/2015,8563,3351,3491
792,United Kingdom,15/04/2015,1,0,NA
793,Mali,15/04/2015,7,0,NA
794,Nigeria,15/04/2015,19,0,7
795,Senegal,15/04/2015,1,0,0
796,Spain,15/04/2015,1,0,0
797,United States of America,15/04/2015,4,0,1
798,Guinea,16/04/2015,3124,28,1934
799,Liberia,16/04/2015,3151,5012,NA
800,Sierra Leone,16/04/2015,8566,3370,3499
801,United Kingdom,16/04/2015,1,0,NA
802,Mali,16/04/2015,7,0,NA
803,Nigeria,16/04/2015,19,0,7
804,Senegal,16/04/2015,1,0,0
805,Spain,16/04/2015,1,0,0
806,United States of America,16/04/2015,4,0,1
807,Guinea,17/04/2015,3126,29,1937
808,Liberia,17/04/2015,3151,5012,NA
809,Sierra Leone,17/04/2015,8569,3388,3499
810,United Kingdom,17/04/2015,1,0,NA
811,Mali,17/04/2015,7,0,NA
812,Nigeria,17/04/2015,19,0,7
813,Senegal,17/04/2015,1,0,0
814,Spain,17/04/2015,1,0,0
815,United States of America,17/04/2015,4,0,1
816,Guinea,20/04/2015,3133,17,1942
817,Liberia,20/04/2015,3151,5012,NA
818,Sierra Leone,20/04/2015,8572,3397,3506
819,United Kingdom,20/04/2015,1,0,NA
820,Mali,20/04/2015,7,0,NA
821,Nigeria,20/04/2015,19,0,7
822,Senegal,20/04/2015,1,0,0
823,Spain,20/04/2015,1,0,0
824,United States of America,20/04/2015,4,0,1
825,Guinea,21/04/2015,3136,14,1943
826,Liberia,21/04/2015,3151,5012,NA
827,Sierra Leone,21/04/2015,8573,3405,3511
828,United Kingdom,21/04/2015,1,0,NA
829,Mali,21/04/2015,7,0,NA
830,Nigeria,21/04/2015,19,0,7
831,Senegal,21/04/2015,1,0,0
832,Spain,21/04/2015,1,0,0
833,United States of America,21/04/2015,4,0,1
834,Sierra Leone,22/04/2015,8575,3405,3511
835,Guinea,22/04/2015,3136,14,1943
836,Liberia,22/04/2015,3151,5182,NA
837,United Kingdom,22/04/2015,1,0,NA
838,Mali,22/04/2015,7,0,NA
839,Nigeria,22/04/2015,19,0,7
840,Senegal,22/04/2015,1,0,0
841,Spain,22/04/2015,1,0,0
842,United States of America,22/04/2015,4,0,1
843,Guinea,23/04/2015,3144,9,1947
844,Liberia,23/04/2015,3151,5182,NA
845,Sierra Leone,23/04/2015,8581,3426,3519
846,United Kingdom,23/04/2015,1,0,NA
847,Mali,23/04/2015,7,0,NA
848,Nigeria,23/04/2015,19,0,7
849,Senegal,23/04/2015,1,0,0
850,Spain,23/04/2015,1,0,0
851,United States of America,23/04/2015,4,0,1
852,Guinea,24/04/2015,3145,16,1950
853,Liberia,24/04/2015,3151,5182,NA
854,Sierra Leone,24/04/2015,8584,3442,3520
855,United Kingdom,24/04/2015,1,0,NA
856,Mali,24/04/2015,7,0,NA
857,Nigeria,24/04/2015,19,0,7
858,Senegal,24/04/2015,1,0,0
859,Spain,24/04/2015,1,0,0
860,United States of America,24/04/2015,4,0,1
861,Guinea,27/04/2015,3154,16,1959
862,Liberia,27/04/2015,3151,5182,NA
863,Sierra Leone,27/04/2015,8585,3490,3529
864,United Kingdom,27/04/2015,1,0,NA
865,Mali,27/04/2015,7,0,NA
866,Nigeria,27/04/2015,19,0,7
867,Senegal,27/04/2015,1,0,0
868,Spain,27/04/2015,1,0,0
869,United States of America,27/04/2015,4,0,1
870,Guinea,28/04/2015,3158,11,1962
871,Liberia,28/04/2015,3151,5292,NA
872,Sierra Leone,28/04/2015,8586,3498,3533
873,United Kingdom,28/04/2015,1,0,NA
874,Mali,28/04/2015,7,0,NA
875,Nigeria,28/04/2015,19,0,7
876,Senegal,28/04/2015,1,0,0
877,Spain,28/04/2015,1,0,0
878,United States of America,28/04/2015,4,0,1
879,Guinea,30/04/2015,3159,7,1966
880,Liberia,30/04/2015,3151,5292,NA
881,Sierra Leone,30/04/2015,8588,3512,3535
882,United Kingdom,30/04/2015,1,0,NA
883,Mali,30/04/2015,7,0,NA
884,Nigeria,30/04/2015,19,0,7
885,Senegal,30/04/2015,1,0,0
886,Spain,30/04/2015,1,0,0
887,United States of America,30/04/2015,4,0,1
888,Guinea,01/05/2015,3161,2,1968
889,Liberia,01/05/2015,3151,5292,NA
890,Sierra Leone,01/05/2015,8590,3521,3535
891,United Kingdom,01/05/2015,1,0,NA
892,Mali,01/05/2015,7,0,NA
893,Nigeria,01/05/2015,19,0,7
894,Senegal,01/05/2015,1,0,0
895,Spain,01/05/2015,1,0,0
896,United States of America,01/05/2015,4,0,1
897,Guinea,04/05/2015,3163,13,1970
898,Liberia,04/05/2015,3151,5292,NA
899,Sierra Leone,04/05/2015,8592,3547,3536
900,United Kingdom,04/05/2015,1,0,NA
901,Mali,04/05/2015,7,0,NA
902,Nigeria,04/05/2015,19,0,7
903,Senegal,04/05/2015,1,0,0
904,Spain,04/05/2015,1,0,0
905,United States of America,04/05/2015,4,0,1
906,Guinea,05/05/2015,3167,7,1971
907,Liberia,05/05/2015,3151,5477,NA
908,Sierra Leone,05/05/2015,8595,3558,3537
909,United Kingdom,05/05/2015,1,0,NA
910,Mali,05/05/2015,7,0,NA
911,Nigeria,05/05/2015,19,0,7
912,Senegal,05/05/2015,1,0,0
913,Spain,05/05/2015,1,0,0
914,United States of America,05/05/2015,4,0,1
915,Guinea,06/05/2015,3167,7,1971
916,Liberia,06/05/2015,3151,5534,NA
917,Sierra Leone,06/05/2015,8595,3558,3537
918,United Kingdom,06/05/2015,1,0,NA
919,Mali,06/05/2015,7,0,NA
920,Nigeria,06/05/2015,19,0,7
921,Senegal,06/05/2015,1,0,0
922,Spain,06/05/2015,1,0,0
923,United States of America,06/05/2015,4,0,1
924,Guinea,07/05/2015,3170,7,1972
925,Liberia,07/05/2015,3151,5534,NA
926,Sierra Leone,07/05/2015,8597,3586,3538
927,United Kingdom,07/05/2015,1,0,NA
928,Mali,07/05/2015,7,0,NA
929,Nigeria,07/05/2015,19,0,7
930,Senegal,07/05/2015,1,0,0
931,Spain,07/05/2015,1,0,0
932,United States of America,07/05/2015,4,0,1
933,Guinea,08/05/2015,3170,7,1972
934,Liberia,08/05/2015,3151,5534,NA
935,Sierra Leone,08/05/2015,8597,3608,3538
936,United Kingdom,08/05/2015,1,0,NA
937,Mali,08/05/2015,7,0,NA
938,Nigeria,08/05/2015,19,0,7
939,Senegal,08/05/2015,1,0,0
940,Spain,08/05/2015,1,0,0
941,United States of America,08/05/2015,4,0,1
942,Guinea,11/05/2015,3173,11,1976
943,Liberia,11/05/2015,3151,5574,NA
944,Sierra Leone,11/05/2015,8597,3635,3538
945,United Kingdom,11/05/2015,1,0,NA
946,Mali,11/05/2015,7,0,NA
947,Nigeria,11/05/2015,19,0,7
948,Senegal,11/05/2015,1,0,0
949,Spain,11/05/2015,1,0,0
950,United States of America,11/05/2015,4,0,1
951,Guinea,12/05/2015,3174,8,1977
952,Liberia,12/05/2015,3151,5574,NA
953,Sierra Leone,12/05/2015,8597,3639,3538
954,United Kingdom,12/05/2015,1,0,NA
955,Mali,12/05/2015,7,0,NA
956,Nigeria,12/05/2015,19,0,7
957,Senegal,12/05/2015,1,0,0
958,Spain,12/05/2015,1,0,0
959,United States of America,12/05/2015,4,0,1
960,Guinea,13/05/2015,3173,11,1976
961,Liberia,13/05/2015,3151,5574,NA
962,Sierra Leone,13/05/2015,8597,3635,3538
963,United Kingdom,13/05/2015,1,0,NA
964,Mali,13/05/2015,7,0,NA
965,Nigeria,13/05/2015,19,0,7
966,Senegal,13/05/2015,1,0,0
967,Spain,13/05/2015,1,0,0
968,United States of America,13/05/2015,4,0,1
969,Guinea,15/05/2015,3189,11,1982
970,Liberia,15/05/2015,3151,5574,NA
971,Sierra Leone,15/05/2015,8598,3655,3538
972,Italy,15/05/2015,1,0,0
973,United Kingdom,15/05/2015,1,0,NA
974,Mali,15/05/2015,7,0,NA
975,Nigeria,15/05/2015,19,0,7
976,Senegal,15/05/2015,1,0,0
977,Spain,15/05/2015,1,0,0
978,United States of America,15/05/2015,4,0,1
979,Italy,14/05/2015,1,0,NA
980,Guinea,14/05/2015,3187,9,1980
981,Liberia,14/05/2015,3151,5574,NA
982,Sierra Leone,14/05/2015,8597,3652,3538
983,United Kingdom,14/05/2015,1,0,NA
984,Mali,14/05/2015,7,0,NA
985,Nigeria,14/05/2015,19,0,7
986,Senegal,14/05/2015,1,0,0
987,Spain,14/05/2015,1,0,0
988,United States of America,14/05/2015,4,0,1
989,Guinea,19/05/2015,3201,15,1988
990,Liberia,19/05/2015,3151,5636,NA
991,Sierra Leone,19/05/2015,8605,3740,3541
992,Italy,19/05/2015,1,0,NA
993,United Kingdom,19/05/2015,1,0,NA
994,Mali,19/05/2015,7,0,NA
995,Nigeria,19/05/2015,19,0,7
996,Senegal,19/05/2015,1,0,0
997,Spain,19/05/2015,1,0,0
998,United States of America,19/05/2015,4,0,1
999,Guinea,18/05/2015,3195,12,1986
1000,Liberia,18/05/2015,3151,5636,NA
1001,Sierra Leone,18/05/2015,8603,3703,3540
1002,Italy,18/05/2015,1,0,NA
1003,United Kingdom,18/05/2015,1,0,NA
1004,Mali,18/05/2015,7,0,NA
1005,Nigeria,18/05/2015,19,0,7
1006,Senegal,18/05/2015,1,0,0
1007,Spain,18/05/2015,1,0,0
1008,United States of America,18/05/2015,4,0,1
1009,Italy,20/05/2015,1,0,NA
1010,Guinea,20/05/2015,3201,15,1988
1011,Liberia,20/05/2015,3151,5636,NA
1012,Sierra Leone,20/05/2015,8605,3740,3541
1013,United Kingdom,20/05/2015,1,0,NA
1014,Mali,20/05/2015,7,0,NA
1015,Nigeria,20/05/2015,19,0,7
1016,Senegal,20/05/2015,1,0,0
1017,Spain,20/05/2015,1,0,0
1018,United States of America,20/05/2015,4,0,1
1019,Guinea,21/05/2015,3204,26,1990
1020,Liberia,21/05/2015,3151,5636,NA
1021,Sierra Leone,21/05/2015,8607,3762,3541
1022,Italy,21/05/2015,1,0,NA
1023,United Kingdom,21/05/2015,1,0,NA
1024,Mali,21/05/2015,7,0,NA
1025,Nigeria,21/05/2015,19,0,7
1026,Senegal,21/05/2015,1,0,0
1027,Spain,21/05/2015,1,0,0
1028,United States of America,21/05/2015,4,0,1
1029,Italy,22/05/2015,1,0,NA
1030,Guinea,22/05/2015,3205,23,1993
1031,Liberia,22/05/2015,3151,5636,NA
1032,Sierra Leone,22/05/2015,8608,3771,3541
1033,United Kingdom,22/05/2015,1,0,NA
1034,Mali,22/05/2015,7,0,NA
1035,Nigeria,22/05/2015,19,0,7
1036,Senegal,22/05/2015,1,0,0
1037,Spain,22/05/2015,1,0,0
1038,United States of America,22/05/2015,4,0,1
1039,Guinea,26/05/2015,3210,12,2001
1040,Liberia,26/05/2015,3151,5636,NA
1041,Sierra Leone,26/05/2015,8608,3811,3542
1042,Italy,26/05/2015,1,0,NA
1043,United Kingdom,26/05/2015,1,0,NA
1044,Mali,26/05/2015,7,0,NA
1045,Nigeria,26/05/2015,19,0,7
1046,Senegal,26/05/2015,1,0,0
1047,Spain,26/05/2015,1,0,0
1048,United States of America,26/05/2015,4,0,1
1049,Guinea,25/05/2015,3208,13,1999
1050,Liberia,25/05/2015,3151,5636,NA
1051,Sierra Leone,25/05/2015,8608,3801,3542
1052,Italy,25/05/2015,1,0,NA
1053,United Kingdom,25/05/2015,1,0,NA
1054,Mali,25/05/2015,7,0,NA
1055,Nigeria,25/05/2015,19,0,7
1056,Senegal,25/05/2015,1,0,0
1057,Spain,25/05/2015,1,0,0
1058,United States of America,25/05/2015,4,0,1
1059,Guinea,27/05/2015,3210,12,2001
1060,Liberia,27/05/2015,3151,5636,NA
1061,Sierra Leone,27/05/2015,8608,3811,3542
1062,Italy,27/05/2015,1,0,NA
1063,United Kingdom,27/05/2015,1,0,NA
1064,Mali,27/05/2015,7,0,NA
1065,Nigeria,27/05/2015,19,0,7
1066,Senegal,27/05/2015,1,0,0
1067,Spain,27/05/2015,1,0,0
1068,United States of America,27/05/2015,4,0,1
1069,Guinea,28/05/2015,3214,6,2004
1070,Liberia,28/05/2015,3151,5636,NA
1071,Sierra Leone,28/05/2015,8611,3837,3545
1072,Italy,28/05/2015,1,0,NA
1073,United Kingdom,28/05/2015,1,0,NA
1074,Mali,28/05/2015,7,0,NA
1075,Nigeria,28/05/2015,19,0,7
1076,Senegal,28/05/2015,1,0,0
1077,Spain,28/05/2015,1,0,0
1078,United States of America,28/05/2015,4,0,1
1079,Guinea,29/05/2015,3216,9,2006
1080,Liberia,29/05/2015,3151,5636,NA
1081,Sierra Leone,29/05/2015,8614,3844,3545
1082,Italy,29/05/2015,1,0,NA
1083,United Kingdom,29/05/2015,1,0,NA
1084,Mali,29/05/2015,7,0,NA
1085,Nigeria,29/05/2015,19,0,7
1086,Senegal,29/05/2015,1,0,0
1087,Spain,29/05/2015,1,0,0
1088,United States of America,29/05/2015,4,0,1
1089,Guinea,01/06/2015,3220,14,2009
1090,Liberia,01/06/2015,3151,5636,NA
1091,Sierra Leone,01/06/2015,8618,3911,3545
1092,Italy,01/06/2015,1,0,NA
1093,United Kingdom,01/06/2015,1,0,NA
1094,Mali,01/06/2015,7,0,NA
1095,Nigeria,01/06/2015,19,0,7
1096,Senegal,01/06/2015,1,0,0
1097,Spain,01/06/2015,1,0,0
1098,United States of America,01/06/2015,4,0,1
1099,Italy,02/06/2015,1,0,NA
1100,Guinea,02/06/2015,3223,10,2010
1101,Liberia,02/06/2015,3151,5636,NA
1102,Sierra Leone,02/06/2015,8620,3920,3546
1103,United Kingdom,02/06/2015,1,0,NA
1104,Mali,02/06/2015,7,0,NA
1105,Nigeria,02/06/2015,19,0,7
1106,Senegal,02/06/2015,1,0,0
1107,Spain,02/06/2015,1,0,0
1108,United States of America,02/06/2015,4,0,1
1109,Guinea,03/06/2015,3223,10,2010
1110,Liberia,03/06/2015,3151,5636,NA
1111,Sierra Leone,03/06/2015,8620,3920,3546
1112,Italy,03/06/2015,1,0,NA
1113,United Kingdom,03/06/2015,1,0,NA
1114,Mali,03/06/2015,7,0,NA
1115,Nigeria,03/06/2015,19,0,7
1116,Senegal,03/06/2015,1,0,0
1117,Spain,03/06/2015,1,0,0
1118,United States of America,03/06/2015,4,0,1
1119,Guinea,04/06/2015,3227,11,2012
1120,Liberia,04/06/2015,3151,5636,NA
1121,Sierra Leone,04/06/2015,8623,3940,3546
1122,Italy,04/06/2015,1,0,NA
1123,United Kingdom,04/06/2015,1,0,NA
1124,Mali,04/06/2015,7,0,NA
1125,Nigeria,04/06/2015,19,0,7
1126,Senegal,04/06/2015,1,0,0
1127,Spain,04/06/2015,1,0,0
1128,United States of America,04/06/2015,4,0,1
1129,Italy,05/06/2015,1,0,NA
1130,Guinea,05/06/2015,3228,17,2012
1131,Liberia,05/06/2015,3151,5636,NA
1132,Sierra Leone,05/06/2015,8624,3948,3546
1133,United Kingdom,05/06/2015,1,0,NA
1134,Mali,05/06/2015,7,0,NA
1135,Nigeria,05/06/2015,19,0,7
1136,Senegal,05/06/2015,1,0,0
1137,Spain,05/06/2015,1,0,0
1138,United States of America,05/06/2015,4,0,1
1139,Guinea,08/06/2015,3237,13,2016
1140,Liberia,08/06/2015,3151,5636,NA
1141,Sierra Leone,08/06/2015,8630,3967,3547
1142,Italy,08/06/2015,1,0,NA
1143,United Kingdom,08/06/2015,1,0,NA
1144,Mali,08/06/2015,7,0,NA
1145,Nigeria,08/06/2015,19,0,7
1146,Senegal,08/06/2015,1,0,0
1147,Spain,08/06/2015,1,0,0
1148,United States of America,08/06/2015,4,0,1
1149,Guinea,09/06/2015,3239,12,2018
1150,Liberia,09/06/2015,3151,5636,NA
1151,Sierra Leone,09/06/2015,8635,3979,3549
1152,Italy,09/06/2015,1,0,NA
1153,United Kingdom,09/06/2015,1,0,NA
1154,Mali,09/06/2015,7,0,NA
1155,Nigeria,09/06/2015,19,0,7
1156,Senegal,09/06/2015,1,0,0
1157,Spain,09/06/2015,1,0,0
1158,United States of America,09/06/2015,4,0,1
1159,Liberia,10/06/2015,3151,5636,NA
1160,Sierra Leone,10/06/2015,8635,3979,3549
1161,Italy,10/06/2015,1,0,NA
1162,Guinea,10/06/2015,3239,12,2018
1163,United Kingdom,10/06/2015,1,0,NA
1164,Mali,10/06/2015,7,0,NA
1165,Nigeria,10/06/2015,19,0,7
1166,Senegal,10/06/2015,1,0,0
1167,Spain,10/06/2015,1,0,0
1168,United States of America,10/06/2015,4,0,1
1169,Guinea,11/06/2015,3243,12,2021
1170,Liberia,11/06/2015,3151,5636,NA
1171,Sierra Leone,11/06/2015,8638,3986,3551
1172,Italy,11/06/2015,1,0,NA
1173,United Kingdom,11/06/2015,1,0,NA
1174,Mali,11/06/2015,7,0,NA
1175,Nigeria,11/06/2015,19,0,7
1176,Senegal,11/06/2015,1,0,0
1177,Spain,11/06/2015,1,0,0
1178,United States of America,11/06/2015,4,0,1
1179,Guinea,12/06/2015,3243,15,2021
1180,Liberia,12/06/2015,3151,5636,NA
1181,Sierra Leone,12/06/2015,8647,3998,3551
1182,Italy,12/06/2015,1,0,NA
1183,United Kingdom,12/06/2015,1,0,NA
1184,Mali,12/06/2015,7,0,NA
1185,Nigeria,12/06/2015,19,0,7
1186,Senegal,12/06/2015,1,0,0
1187,Spain,12/06/2015,1,0,0
1188,United States of America,12/06/2015,4,0,1
1189,Guinea,15/06/2015,3249,9,2024
1190,Liberia,15/06/2015,3151,5636,NA
1191,Sierra Leone,15/06/2015,8649,4026,3553
1192,Italy,15/06/2015,1,0,NA
1193,United Kingdom,15/06/2015,1,0,NA
1194,Mali,15/06/2015,7,0,NA
1195,Nigeria,15/06/2015,19,0,7
1196,Senegal,15/06/2015,1,0,0
1197,Spain,15/06/2015,1,0,0
1198,United States of America,15/06/2015,4,0,1
1199,Italy,16/06/2015,1,0,NA
1200,Guinea,16/06/2015,3249,10,2025
1201,Liberia,16/06/2015,3151,5636,NA
1202,Sierra Leone,16/06/2015,8649,4029,3553
1203,United Kingdom,16/06/2015,1,0,NA
1204,Mali,16/06/2015,7,0,NA
1205,Nigeria,16/06/2015,19,0,7
1206,Senegal,16/06/2015,1,0,0
1207,Spain,16/06/2015,1,0,0
1208,United States of America,16/06/2015,4,0,1
1209,Italy,17/06/2015,1,0,NA
1210,Guinea,17/06/2015,3245,10,2025
1211,Liberia,17/06/2015,3151,5636,NA
1212,Sierra Leone,17/06/2015,8649,4029,3553
1213,United Kingdom,17/06/2015,1,0,NA
1214,Mali,17/06/2015,7,0,NA
1215,Nigeria,17/06/2015,19,0,7
1216,Senegal,17/06/2015,1,0,0
1217,Spain,17/06/2015,1,0,0
1218,United States of America,17/06/2015,4,0,1
1219,Guinea,18/06/2015,3246,10,2026
1220,Liberia,18/06/2015,3151,5636,NA
1221,Sierra Leone,18/06/2015,8651,4052,3556
1222,Italy,18/06/2015,1,0,NA
1223,United Kingdom,18/06/2015,1,0,NA
1224,Mali,18/06/2015,7,0,NA
1225,Nigeria,18/06/2015,19,0,7
1226,Senegal,18/06/2015,1,0,0
1227,Spain,18/06/2015,1,0,0
1228,United States of America,18/06/2015,4,0,1
1229,Italy,19/06/2015,1,0,NA
1230,Guinea,19/06/2015,3247,8,2027
1231,Liberia,19/06/2015,3151,5636,NA
1232,Sierra Leone,19/06/2015,8654,4071,3560
1233,United Kingdom,19/06/2015,1,0,NA
1234,Mali,19/06/2015,7,0,NA
1235,Nigeria,19/06/2015,19,0,7
1236,Senegal,19/06/2015,1,0,0
1237,Spain,19/06/2015,1,0,0
1238,United States of America,19/06/2015,4,0,1
1239,Italy,22/06/2015,1,0,NA
1240,Guinea,22/06/2015,3254,16,2028
1241,Liberia,22/06/2015,3151,5636,NA
1242,Sierra Leone,22/06/2015,8657,4107,3562
1243,United Kingdom,22/06/2015,1,0,NA
1244,Mali,22/06/2015,7,0,NA
1245,Nigeria,22/06/2015,19,0,7
1246,Senegal,22/06/2015,1,0,0
1247,Spain,22/06/2015,1,0,0
1248,United States of America,22/06/2015,4,0,1
1249,Guinea,23/06/2015,3257,18,2030
1250,Liberia,23/06/2015,3151,5636,NA
1251,Sierra Leone,23/06/2015,8657,4115,3562
1252,Italy,23/06/2015,1,0,NA
1253,United Kingdom,23/06/2015,1,0,NA
1254,Mali,23/06/2015,7,0,NA
1255,Nigeria,23/06/2015,19,0,7
1256,Senegal,23/06/2015,1,0,0
1257,Spain,23/06/2015,1,0,0
1258,United States of America,23/06/2015,4,0,1
1259,Guinea,24/06/2015,3257,18,2030
1260,Liberia,24/06/2015,3151,5636,NA
1261,Sierra Leone,24/06/2015,8657,4115,3562
1262,Italy,24/06/2015,1,0,NA
1263,United Kingdom,24/06/2015,1,0,NA
1264,Mali,24/06/2015,7,0,NA
1265,Nigeria,24/06/2015,19,0,7
1266,Senegal,24/06/2015,1,0,0
1267,Spain,24/06/2015,1,0,0
1268,United States of America,24/06/2015,4,0,1
1269,Guinea,25/06/2015,3264,11,2037
1270,Liberia,25/06/2015,3151,5636,NA
1271,Sierra Leone,25/06/2015,8660,4136,3565
1272,Italy,25/06/2015,1,0,NA
1273,United Kingdom,25/06/2015,1,0,NA
1274,Mali,25/06/2015,7,0,NA
1275,Nigeria,25/06/2015,19,0,7
1276,Senegal,25/06/2015,1,0,0
1277,Spain,25/06/2015,1,0,0
1278,United States of America,25/06/2015,4,0,1
1279,Guinea,26/06/2015,3266,11,2037
1280,Liberia,26/06/2015,3151,5636,NA
1281,Sierra Leone,26/06/2015,8662,4144,3565
1282,Italy,26/06/2015,1,0,NA
1283,United Kingdom,26/06/2015,1,0,NA
1284,Mali,26/06/2015,7,0,NA
1285,Nigeria,26/06/2015,19,0,7
1286,Senegal,26/06/2015,1,0,0
1287,Spain,26/06/2015,1,0,0
1288,United States of America,26/06/2015,4,0,1
1289,Italy,29/06/2015,1,0,NA
1290,Guinea,29/06/2015,3268,13,2039
1291,Liberia,29/06/2015,3151,5636,NA
1292,Sierra Leone,29/06/2015,8664,4164,3566
1293,United Kingdom,29/06/2015,1,0,NA
1294,Mali,29/06/2015,7,0,NA
1295,Nigeria,29/06/2015,19,0,7
1296,Senegal,29/06/2015,1,0,0
1297,Spain,29/06/2015,1,0,0
1298,United States of America,29/06/2015,4,0,1
1299,Italy,30/06/2015,1,0,NA
1300,Guinea,30/06/2015,3269,17,2039
1301,Liberia,30/06/2015,3151,5636,NA
1302,Sierra Leone,30/06/2015,8665,4167,3566
1303,United Kingdom,30/06/2015,1,0,NA
1304,Mali,30/06/2015,7,0,NA
1305,Nigeria,30/06/2015,19,0,7
1306,Senegal,30/06/2015,1,0,0
1307,Spain,30/06/2015,1,0,0
1308,United States of America,30/06/2015,4,0,1
1309,Guinea,01/07/2015,3269,17,2039
1310,Liberia,01/07/2015,3151,5636,NA
1311,Sierra Leone,01/07/2015,8665,4167,3566
1312,Italy,01/07/2015,1,0,NA
1313,United Kingdom,01/07/2015,1,0,NA
1314,Mali,01/07/2015,7,0,NA
1315,Nigeria,01/07/2015,19,0,7
1316,Senegal,01/07/2015,1,0,0
1317,Spain,01/07/2015,1,0,0
1318,United States of America,01/07/2015,4,0,1
1319,Italy,02/07/2015,1,0,NA
1320,Guinea,02/07/2015,3277,18,2040
1321,Liberia,02/07/2015,3151,5636,NA
1322,Sierra Leone,02/07/2015,8668,4174,3567
1323,United Kingdom,02/07/2015,1,0,NA
1324,Mali,02/07/2015,7,0,NA
1325,Nigeria,02/07/2015,19,0,7
1326,Senegal,02/07/2015,1,0,0
1327,Spain,02/07/2015,1,0,0
1328,United States of America,02/07/2015,4,0,1
1329,Sierra Leone,03/07/2015,8671,4177,3569
1330,Liberia,03/07/2015,3151,5636,NA
1331,Guinea,03/07/2015,3279,21,2042
1332,Liberia 2,03/07/2015,3,37,1
1333,Italy,03/07/2015,1,0,NA
1334,United Kingdom,03/07/2015,1,0,NA
1335,Mali,03/07/2015,7,0,NA
1336,Nigeria,03/07/2015,19,0,7
1337,Senegal,03/07/2015,1,0,0
1338,Spain,03/07/2015,1,0,0
1339,United States of America,03/07/2015,4,0,1
1340,Guinea,06/07/2015,3287,7,2048
1341,Liberia,06/07/2015,3151,5636,NA
1342,Sierra Leone,06/07/2015,8673,4190,3574
1343,Liberia 2,06/07/2015,3,NA,1
1344,Italy,06/07/2015,1,0,NA
1345,United Kingdom,06/07/2015,1,0,NA
1346,Mali,06/07/2015,7,0,NA
1347,Nigeria,06/07/2015,19,0,7
1348,Senegal,06/07/2015,1,0,0
1349,Spain,06/07/2015,1,0,0
1350,United States of America,06/07/2015,4,0,1
1351,Guinea,07/07/2015,3287,11,2049
1352,Sierra Leone,07/07/2015,8674,4194,3574
1353,Liberia,07/07/2015,3151,5636,NA
1354,Liberia 2,07/07/2015,3,NA,1
1355,Italy,07/07/2015,1,0,NA
1356,United Kingdom,07/07/2015,1,0,NA
1357,Mali,07/07/2015,7,0,NA
1358,Nigeria,07/07/2015,19,0,7
1359,Senegal,07/07/2015,1,0,0
1360,Spain,07/07/2015,1,0,0
1361,United States of America,07/07/2015,4,0,1
1362,Sierra Leone,08/07/2015,8674,4194,3574
1363,Liberia,08/07/2015,3151,5636,NA
1364,Guinea,08/07/2015,3287,11,2049
1365,Liberia 2,08/07/2015,3,NA,1
1366,Italy,08/07/2015,1,0,NA
1367,United Kingdom,08/07/2015,1,0,NA
1368,Mali,08/07/2015,7,0,NA
1369,Nigeria,08/07/2015,19,0,7
1370,Senegal,08/07/2015,1,0,0
1371,Spain,08/07/2015,1,0,0
1372,United States of America,08/07/2015,4,0,1
1373,Guinea,09/07/2015,3290,4,2055
1374,Liberia,09/07/2015,3151,5636,NA
1375,Sierra Leone,09/07/2015,8675,4207,3575
1376,Liberia 2,09/07/2015,5,NA,1
1377,Italy,09/07/2015,1,0,NA
1378,United Kingdom,09/07/2015,1,0,NA
1379,Mali,09/07/2015,7,0,NA
1380,Nigeria,09/07/2015,19,0,7
1381,Senegal,09/07/2015,1,0,0
1382,Spain,09/07/2015,1,0,0
1383,United States of America,09/07/2015,4,0,1
1384,Guinea,10/07/2015,3293,8,2055
1385,Liberia,10/07/2015,3151,5636,NA
1386,Sierra Leone,10/07/2015,8676,4214,3575
1387,Liberia 2,10/07/2015,5,NA,1
1388,Italy,10/07/2015,1,0,NA
1389,United Kingdom,10/07/2015,1,0,NA
1390,Mali,10/07/2015,7,0,NA
1391,Nigeria,10/07/2015,19,0,7
1392,Senegal,10/07/2015,1,0,0
1393,Spain,10/07/2015,1,0,0
1394,United States of America,10/07/2015,4,0,1
1395,Guinea,13/07/2015,3299,5,2056
1396,Liberia,13/07/2015,3151,5636,NA
1397,Sierra Leone,13/07/2015,8687,4227,3580
1398,Liberia 2,13/07/2015,5,NA,1
1399,Italy,13/07/2015,1,0,NA
1400,United Kingdom,13/07/2015,1,0,NA
1401,Mali,13/07/2015,7,0,NA
1402,Nigeria,13/07/2015,19,0,7
1403,Senegal,13/07/2015,1,0,0
1404,Spain,13/07/2015,1,0,0
1405,United States of America,13/07/2015,4,0,1
1406,Guinea,14/07/2015,3300,10,2056
1407,Liberia,14/07/2015,3151,5636,NA
1408,Sierra Leone,14/07/2015,8688,4234,3581
1409,Liberia 2,14/07/2015,6,NA,2
1410,Italy,14/07/2015,1,0,NA
1411,United Kingdom,14/07/2015,1,0,NA
1412,Mali,14/07/2015,7,0,NA
1413,Nigeria,14/07/2015,19,0,7
1414,Senegal,14/07/2015,1,0,0
1415,Spain,14/07/2015,1,0,0
1416,United States of America,14/07/2015,4,0,1
1417,Sierra Leone,15/07/2015,8688,4234,3581
1418,Guinea,15/07/2015,3300,10,2056
1419,Liberia,15/07/2015,3151,5636,NA
1420,Liberia 2,15/07/2015,6,NA,2
1421,Italy,15/07/2015,1,0,NA
1422,United Kingdom,15/07/2015,1,0,NA
1423,Mali,15/07/2015,7,0,NA
1424,Nigeria,15/07/2015,19,0,7
1425,Senegal,15/07/2015,1,0,0
1426,Spain,15/07/2015,1,0,0
1427,United States of America,15/07/2015,4,0,1
1428,Guinea,16/07/2015,3304,8,2056
1429,Liberia,16/07/2015,3151,5636,NA
1430,Sierra Leone,16/07/2015,8688,4234,3581
1431,Liberia 2,16/07/2015,6,NA,2
1432,Italy,16/07/2015,1,0,NA
1433,United Kingdom,16/07/2015,1,0,NA
1434,Mali,16/07/2015,7,0,NA
1435,Nigeria,16/07/2015,19,0,7
1436,Senegal,16/07/2015,1,0,0
1437,Spain,16/07/2015,1,0,0
1438,United States of America,16/07/2015,4,0,1
1439,Guinea,17/07/2015,3310,10,2059
1440,Liberia,17/07/2015,3151,5636,NA
1441,Sierra Leone,17/07/2015,8688,4234,3581
1442,Liberia 2,17/07/2015,6,NA,2
1443,Italy,17/07/2015,1,0,NA
1444,United Kingdom,17/07/2015,1,0,NA
1445,Mali,17/07/2015,7,0,NA
1446,Nigeria,17/07/2015,19,0,7
1447,Senegal,17/07/2015,1,0,0
1448,Spain,17/07/2015,1,0,0
1449,United States of America,17/07/2015,4,0,1
1450,Guinea,20/07/2015,3322,12,2061
1451,Liberia,20/07/2015,3151,5636,NA
1452,Sierra Leone,20/07/2015,8692,4262,3583
1453,Liberia 2,20/07/2015,6,NA,2
1454,Italy,20/07/2015,1,0,NA
1455,United Kingdom,20/07/2015,1,0,NA
1456,Mali,20/07/2015,7,0,NA
1457,Nigeria,20/07/2015,19,0,7
1458,Senegal,20/07/2015,1,0,0
1459,Spain,20/07/2015,1,0,0
1460,United States of America,20/07/2015,4,0,1
1461,Guinea,21/07/2015,3322,11,2062
1462,Liberia,21/07/2015,3151,5636,NA
1463,Sierra Leone,21/07/2015,8692,4271,3583
1464,Liberia 2,21/07/2015,6,NA,2
1465,Italy,21/07/2015,1,0,NA
1466,United Kingdom,21/07/2015,1,0,NA
1467,Mali,21/07/2015,7,0,NA
1468,Nigeria,21/07/2015,19,0,7
1469,Senegal,21/07/2015,1,0,0
1470,Spain,21/07/2015,1,0,0
1471,United States of America,21/07/2015,4,0,1
1472,Guinea,22/07/2015,3322,11,2062
1473,Liberia,22/07/2015,3151,5636,NA
1474,Sierra Leone,22/07/2015,8692,4271,3583
1475,Liberia 2,22/07/2015,6,NA,2
1476,Italy,22/07/2015,1,0,NA
1477,United Kingdom,22/07/2015,1,0,NA
1478,Mali,22/07/2015,7,0,NA
1479,Nigeria,22/07/2015,19,0,7
1480,Senegal,22/07/2015,1,0,0
1481,Spain,22/07/2015,1,0,0
1482,United States of America,22/07/2015,4,0,1
1483,Guinea,23/07/2015,3325,13,2066
1484,Liberia,23/07/2015,3151,5636,NA
1485,Sierra Leone,23/07/2015,8693,4282,3583
1486,Liberia 2,23/07/2015,6,NA,2
1487,Italy,23/07/2015,1,0,NA
1488,United Kingdom,23/07/2015,1,0,NA
1489,Mali,23/07/2015,7,0,NA
1490,Nigeria,23/07/2015,19,0,7
1491,Senegal,23/07/2015,1,0,0
1492,Spain,23/07/2015,1,0,0
1493,United States of America,23/07/2015,4,0,1
1494,Guinea,24/07/2015,3325,11,2066
1495,Liberia,24/07/2015,3151,5636,NA
1496,Sierra Leone,24/07/2015,8693,4284,3583
1497,Liberia 2,24/07/2015,6,NA,2
1498,Italy,24/07/2015,1,0,NA
1499,United Kingdom,24/07/2015,1,0,NA
1500,Mali,24/07/2015,7,0,NA
1501,Nigeria,24/07/2015,19,0,7
1502,Senegal,24/07/2015,1,0,0
1503,Spain,24/07/2015,1,0,0
1504,United States of America,24/07/2015,4,0,1
1505,Guinea,27/07/2015,3325,16,2068
1506,Liberia,27/07/2015,3151,5636,NA
1507,Sierra Leone,27/07/2015,8694,4302,3585
1508,Liberia 2,27/07/2015,6,NA,2
1509,Italy,27/07/2015,1,0,NA
1510,United Kingdom,27/07/2015,1,0,NA
1511,Mali,27/07/2015,7,0,NA
1512,Nigeria,27/07/2015,19,0,7
1513,Senegal,27/07/2015,1,0,0
1514,Spain,27/07/2015,1,0,0
1515,United States of America,27/07/2015,4,0,1
1516,Guinea,28/07/2015,3326,9,2069
1517,Liberia,28/07/2015,3151,5636,NA
1518,Sierra Leone,28/07/2015,8694,4309,3585
1519,Liberia 2,28/07/2015,6,NA,2
1520,Italy,28/07/2015,1,0,NA
1521,United Kingdom,28/07/2015,1,0,NA
1522,Mali,28/07/2015,7,0,NA
1523,Nigeria,28/07/2015,19,0,7
1524,Senegal,28/07/2015,1,0,0
1525,Spain,28/07/2015,1,0,0
1526,United States of America,28/07/2015,4,0,1
1527,Sierra Leone,29/07/2015,8694,4309,3585
1528,Guinea,29/07/2015,3326,9,2069
1529,Liberia,29/07/2015,3151,5636,NA
1530,Liberia 2,29/07/2015,6,NA,2
1531,Italy,29/07/2015,1,0,NA
1532,United Kingdom,29/07/2015,1,0,NA
1533,Mali,29/07/2015,7,0,NA
1534,Nigeria,29/07/2015,19,0,7
1535,Senegal,29/07/2015,1,0,0
1536,Spain,29/07/2015,1,0,0
1537,United States of America,29/07/2015,4,0,1
1538,Sierra Leone,30/07/2015,8694,4398,3585
1539,Liberia,30/07/2015,3151,5636,NA
1540,Guinea,30/07/2015,3326,7,2069
1541,Liberia 2,30/07/2015,6,NA,2
1542,Italy,30/07/2015,1,0,NA
1543,United Kingdom,30/07/2015,1,0,NA
1544,Mali,30/07/2015,7,0,NA
1545,Nigeria,30/07/2015,19,0,7
1546,Senegal,30/07/2015,1,0,0
1547,Spain,30/07/2015,1,0,0
1548,United States of America,30/07/2015,4,0,1
1549,Guinea,31/07/2015,3326,3,2069
1550,Sierra Leone,31/07/2015,8694,4406,3585
1551,Liberia,31/07/2015,3151,5636,NA
1552,Liberia 2,31/07/2015,6,NA,2
1553,Italy,31/07/2015,1,0,NA
1554,United Kingdom,31/07/2015,1,0,NA
1555,Mali,31/07/2015,7,0,NA
1556,Nigeria,31/07/2015,19,0,7
1557,Senegal,31/07/2015,1,0,0
1558,Spain,31/07/2015,1,0,0
1559,United States of America,31/07/2015,4,0,1
1560,Liberia,03/08/2015,3151,5636,NA
1561,Sierra Leone,03/08/2015,8695,4420,3585
1562,Guinea,03/08/2015,3327,7,2070
1563,Liberia 2,03/08/2015,6,NA,2
1564,Italy,03/08/2015,1,0,NA
1565,United Kingdom,03/08/2015,1,0,NA
1566,Mali,03/08/2015,7,0,NA
1567,Nigeria,03/08/2015,19,0,7
1568,Senegal,03/08/2015,1,0,0
1569,Spain,03/08/2015,1,0,0
1570,United States of America,03/08/2015,4,0,1
1571,Liberia,04/08/2015,3151,5636,NA
1572,Sierra Leone,04/08/2015,8695,4424,3585
1573,Guinea,04/08/2015,3327,5,2070
1574,Liberia 2,04/08/2015,6,NA,2
1575,Italy,04/08/2015,1,0,NA
1576,United Kingdom,04/08/2015,1,0,NA
1577,Mali,04/08/2015,7,0,NA
1578,Nigeria,04/08/2015,19,0,7
1579,Senegal,04/08/2015,1,0,0
1580,Spain,04/08/2015,1,0,0
1581,United States of America,04/08/2015,4,0,1
1582,Liberia,05/08/2015,3151,5636,NA
1583,Sierra Leone,05/08/2015,8695,4424,3585
1584,Guinea,05/08/2015,3327,5,2070
1585,Liberia 2,05/08/2015,6,NA,2
1586,Italy,05/08/2015,1,0,NA
1587,United Kingdom,05/08/2015,1,0,NA
1588,Mali,05/08/2015,7,0,NA
1589,Nigeria,05/08/2015,19,0,7
1590,Senegal,05/08/2015,1,0,0
1591,Spain,05/08/2015,1,0,0
1592,United States of America,05/08/2015,4,0,1
1593,Sierra Leone,06/08/2015,8696,4443,3585
1594,Guinea,06/08/2015,3329,11,2072
1595,Liberia,06/08/2015,3151,5636,NA
1596,Liberia 2,06/08/2015,6,NA,2
1597,Italy,06/08/2015,1,0,NA
1598,United Kingdom,06/08/2015,1,0,NA
1599,Mali,06/08/2015,7,0,NA
1600,Nigeria,06/08/2015,19,0,7
1601,Senegal,06/08/2015,1,0,0
1602,Spain,06/08/2015,1,0,0
1603,United States of America,06/08/2015,4,0,1
1604,Liberia,07/08/2015,3151,5636,NA
1605,Sierra Leone,07/08/2015,8696,4445,3585
1606,Guinea,07/08/2015,3329,14,2072
1607,Liberia 2,07/08/2015,6,NA,2
1608,Italy,07/08/2015,1,0,NA
1609,United Kingdom,07/08/2015,1,0,NA
1610,Mali,07/08/2015,7,0,NA
1611,Nigeria,07/08/2015,19,0,7
1612,Senegal,07/08/2015,1,0,0
1613,Spain,07/08/2015,1,0,0
1614,United States of America,07/08/2015,4,0,1
1615,Liberia,10/08/2015,3151,5636,NA
1616,Sierra Leone,10/08/2015,8697,4481,3585
1617,Guinea,10/08/2015,3329,10,2072
1618,Liberia 2,10/08/2015,6,NA,2
1619,Italy,10/08/2015,1,0,NA
1620,United Kingdom,10/08/2015,1,0,NA
1621,Mali,10/08/2015,7,0,NA
1622,Nigeria,10/08/2015,19,0,7
1623,Senegal,10/08/2015,1,0,0
1624,Spain,10/08/2015,1,0,0
1625,United States of America,10/08/2015,4,0,1
1626,Liberia,11/08/2015,3151,5636,NA
1627,Sierra Leone,11/08/2015,8697,4486,3585
1628,Guinea,11/08/2015,3329,6,2072
1629,Liberia 2,11/08/2015,6,NA,2
1630,Italy,11/08/2015,1,0,NA
1631,United Kingdom,11/08/2015,1,0,NA
1632,Mali,11/08/2015,7,0,NA
1633,Nigeria,11/08/2015,19,0,7
1634,Senegal,11/08/2015,1,0,0
1635,Spain,11/08/2015,1,0,0
1636,United States of America,11/08/2015,4,0,1
1637,Guinea,12/08/2015,3329,6,2072
1638,Liberia,12/08/2015,3151,5636,NA
1639,Sierra Leone,12/08/2015,8697,4486,3585
1640,Liberia 2,12/08/2015,6,NA,2
1641,Italy,12/08/2015,1,0,NA
1642,United Kingdom,12/08/2015,1,0,NA
1643,Mali,12/08/2015,7,0,NA
1644,Nigeria,12/08/2015,19,0,7
1645,Senegal,12/08/2015,1,0,0
1646,Spain,12/08/2015,1,0,0
1647,United States of America,12/08/2015,4,0,1
1648,Guinea,13/08/2015,3330,10,2072
1649,Liberia,13/08/2015,3151,5636,NA
1650,Sierra Leone,13/08/2015,8697,4500,3585
1651,Liberia 2,13/08/2015,6,NA,2
1652,Italy,13/08/2015,1,0,NA
1653,United Kingdom,13/08/2015,1,0,NA
1654,Mali,13/08/2015,7,0,NA
1655,Nigeria,13/08/2015,19,0,7
1656,Senegal,13/08/2015,1,0,0
1657,Spain,13/08/2015,1,0,0
1658,United States of America,13/08/2015,4,0,1
1659,Liberia,14/08/2015,3151,5636,NA
1660,Sierra Leone,14/08/2015,8697,4501,3586
1661,Guinea,14/08/2015,3330,9,2072
1662,Liberia 2,14/08/2015,6,NA,2
1663,Italy,14/08/2015,1,0,NA
1664,United Kingdom,14/08/2015,1,0,NA
1665,Mali,14/08/2015,7,0,NA
1666,Nigeria,14/08/2015,19,0,7
1667,Senegal,14/08/2015,1,0,0
1668,Spain,14/08/2015,1,0,0
1669,United States of America,14/08/2015,4,0,1
1670,Guinea,17/08/2015,3332,6,2072
1671,Sierra Leone,17/08/2015,8697,4505,3586
1672,Liberia,17/08/2015,3151,5636,NA
1673,Liberia 2,17/08/2015,6,NA,2
1674,Italy,17/08/2015,1,0,NA
1675,United Kingdom,17/08/2015,1,0,NA
1676,Mali,17/08/2015,7,0,NA
1677,Nigeria,17/08/2015,19,0,7
1678,Senegal,17/08/2015,1,0,0
1679,Spain,17/08/2015,1,0,0
1680,United States of America,17/08/2015,4,0,1
1681,Guinea,18/08/2015,3332,2,2072
1682,Liberia,18/08/2015,3151,5636,NA
1683,Sierra Leone,18/08/2015,8697,4510,3586
1684,Liberia 2,18/08/2015,6,NA,2
1685,Italy,18/08/2015,1,0,NA
1686,United Kingdom,18/08/2015,1,0,NA
1687,Mali,18/08/2015,7,0,NA
1688,Nigeria,18/08/2015,19,0,7
1689,Senegal,18/08/2015,1,0,0
1690,Spain,18/08/2015,1,0,0
1691,United States of America,18/08/2015,4,0,1
1692,Sierra Leone,19/08/2015,8697,4510,3586
1693,Guinea,19/08/2015,3332,2,2072
1694,Liberia,19/08/2015,3151,5636,NA
1695,Liberia 2,19/08/2015,6,NA,2
1696,Italy,19/08/2015,1,0,NA
1697,United Kingdom,19/08/2015,1,0,NA
1698,Mali,19/08/2015,7,0,NA
1699,Nigeria,19/08/2015,19,0,7
1700,Senegal,19/08/2015,1,0,0
1701,Spain,19/08/2015,1,0,0
1702,United States of America,19/08/2015,4,0,1
1703,Liberia,20/08/2015,3151,5636,NA
1704,Sierra Leone,20/08/2015,8697,4534,3586
1705,Guinea,20/08/2015,3334,6,2074
1706,Liberia 2,20/08/2015,6,NA,2
1707,Italy,20/08/2015,1,0,NA
1708,United Kingdom,20/08/2015,1,0,NA
1709,Mali,20/08/2015,7,0,NA
1710,Nigeria,20/08/2015,19,0,7
1711,Senegal,20/08/2015,1,0,0
1712,Spain,20/08/2015,1,0,0
1713,United States of America,20/08/2015,4,0,1
1714,Liberia,21/08/2015,3151,5636,NA
1715,Sierra Leone,21/08/2015,8697,4549,3586
1716,Guinea,21/08/2015,3334,9,2074
1717,Liberia 2,21/08/2015,6,NA,2
1718,Italy,21/08/2015,1,0,NA
1719,United Kingdom,21/08/2015,1,0,NA
1720,Mali,21/08/2015,7,0,NA
1721,Nigeria,21/08/2015,19,0,7
1722,Senegal,21/08/2015,1,0,0
1723,Spain,21/08/2015,1,0,0
1724,United States of America,21/08/2015,4,0,1
1725,Guinea,24/08/2015,3334,4,2075
1726,Liberia,24/08/2015,3151,5636,NA
1727,Sierra Leone,24/08/2015,8697,4554,3586
1728,Liberia 2,24/08/2015,6,NA,2
1729,Italy,24/08/2015,1,0,NA
1730,United Kingdom,24/08/2015,1,0,NA
1731,Mali,24/08/2015,7,0,NA
1732,Nigeria,24/08/2015,19,0,7
1733,Senegal,24/08/2015,1,0,0
1734,Spain,24/08/2015,1,0,0
1735,United States of America,24/08/2015,4,0,1
1736,Guinea,25/08/2015,3335,5,2075
1737,Liberia,25/08/2015,3151,5636,NA
1738,Sierra Leone,25/08/2015,8697,4557,3586
1739,Liberia 2,25/08/2015,6,NA,2
1740,Italy,25/08/2015,1,0,NA
1741,United Kingdom,25/08/2015,1,0,NA
1742,Mali,25/08/2015,7,0,NA
1743,Nigeria,25/08/2015,19,0,7
1744,Senegal,25/08/2015,1,0,0
1745,Spain,25/08/2015,1,0,0
1746,United States of America,25/08/2015,4,0,1
1747,Liberia,26/08/2015,3151,5636,NA
1748,Guinea,26/08/2015,3335,5,2075
1749,Sierra Leone,26/08/2015,8697,4557,3586
1750,Liberia 2,26/08/2015,6,NA,2
1751,Italy,26/08/2015,1,0,NA
1752,United Kingdom,26/08/2015,1,0,NA
1753,Mali,26/08/2015,7,0,NA
1754,Nigeria,26/08/2015,19,0,7
1755,Senegal,26/08/2015,1,0,0
1756,Spain,26/08/2015,1,0,0
1757,United States of America,26/08/2015,4,0,1
1758,Liberia,27/08/2015,3151,5636,NA
1759,Sierra Leone,27/08/2015,8697,4598,3586
1760,Guinea,27/08/2015,3336,9,2076
1761,Liberia 2,27/08/2015,6,NA,2
1762,Italy,27/08/2015,1,0,NA
1763,United Kingdom,27/08/2015,1,0,NA
1764,Mali,27/08/2015,7,0,NA
1765,Nigeria,27/08/2015,19,0,7
1766,Senegal,27/08/2015,1,0,0
1767,Spain,27/08/2015,1,0,0
1768,United States of America,27/08/2015,4,0,1
1769,Liberia,28/08/2015,3151,5636,NA
1770,Sierra Leone,28/08/2015,8697,4602,3586
1771,Guinea,28/08/2015,3336,9,2076
1772,Liberia 2,28/08/2015,6,NA,2
1773,Italy,28/08/2015,1,0,NA
1774,United Kingdom,28/08/2015,1,0,NA
1775,Mali,28/08/2015,7,0,NA
1776,Nigeria,28/08/2015,19,0,7
1777,Senegal,28/08/2015,1,0,0
1778,Spain,28/08/2015,1,0,0
1779,United States of America,28/08/2015,4,0,1
1780,Liberia,31/08/2015,3151,5636,NA
1781,Sierra Leone,31/08/2015,8698,4618,3587
1782,Guinea,31/08/2015,3337,1,2076
1783,Liberia 2,31/08/2015,6,NA,2
1784,Italy,31/08/2015,1,0,NA
1785,United Kingdom,31/08/2015,1,0,NA
1786,Mali,31/08/2015,7,0,NA
1787,Nigeria,31/08/2015,19,0,7
1788,Senegal,31/08/2015,1,0,0
1789,Spain,31/08/2015,1,0,0
1790,United States of America,31/08/2015,4,0,1
1791,Guinea,01/09/2015,3337,3,2077
1792,Liberia,01/09/2015,3151,5636,NA
1793,Sierra Leone,01/09/2015,8698,4624,3587
1794,Liberia 2,01/09/2015,6,NA,2
1795,Italy,01/09/2015,1,0,NA
1796,United Kingdom,01/09/2015,1,0,NA
1797,Mali,01/09/2015,7,0,NA
1798,Nigeria,01/09/2015,19,0,7
1799,Senegal,01/09/2015,1,0,0
1800,Spain,01/09/2015,1,0,0
1801,United States of America,01/09/2015,4,0,1
1802,Guinea,02/09/2015,3337,3,2077
1803,Sierra Leone,02/09/2015,8698,4624,3587
1804,Liberia,02/09/2015,3151,5636,NA
1805,Liberia 2,02/09/2015,6,NA,2
1806,Italy,02/09/2015,1,0,NA
1807,United Kingdom,02/09/2015,1,0,NA
1808,Mali,02/09/2015,7,0,NA
1809,Nigeria,02/09/2015,19,0,7
1810,Senegal,02/09/2015,1,0,0
1811,Spain,02/09/2015,1,0,0
1812,United States of America,02/09/2015,4,0,1
1813,Guinea,03/09/2015,3338,2,2077
1814,Liberia,03/09/2015,3151,5636,NA
1815,Sierra Leone,03/09/2015,8698,4653,3587
1816,Liberia 2,03/09/2015,6,NA,2
1817,Italy,03/09/2015,1,0,NA
1818,United Kingdom,03/09/2015,1,0,NA
1819,Mali,03/09/2015,7,0,NA
1820,Nigeria,03/09/2015,19,0,7
1821,Senegal,03/09/2015,1,0,0
1822,Spain,03/09/2015,1,0,0
1823,United States of America,03/09/2015,4,0,1
1824,Guinea,04/09/2015,3338,2,2077
1825,Sierra Leone,04/09/2015,8698,4654,3587
1826,Liberia,04/09/2015,3151,5636,NA
1827,Liberia 2,04/09/2015,6,NA,2
1828,Italy,04/09/2015,1,0,NA
1829,United Kingdom,04/09/2015,1,0,NA
1830,Mali,04/09/2015,7,0,NA
1831,Nigeria,04/09/2015,19,0,7
1832,Senegal,04/09/2015,1,0,0
1833,Spain,04/09/2015,1,0,0
1834,United States of America,04/09/2015,4,0,1
1835,Liberia,07/09/2015,3151,5636,NA
1836,Sierra Leone,07/09/2015,8699,4684,3587
1837,Guinea,07/09/2015,3338,3,2078
1838,Liberia 2,07/09/2015,6,NA,2
1839,Italy,07/09/2015,1,0,NA
1840,United Kingdom,07/09/2015,1,0,NA
1841,Mali,07/09/2015,7,0,NA
1842,Nigeria,07/09/2015,19,0,7
1843,Senegal,07/09/2015,1,0,0
1844,Spain,07/09/2015,1,0,0
1845,United States of America,07/09/2015,4,0,1
1846,Liberia,08/09/2015,3151,5636,NA
1847,Sierra Leone,08/09/2015,8699,4697,3587
1848,Guinea,08/09/2015,3338,2,2078
1849,Liberia 2,08/09/2015,6,NA,2
1850,Italy,08/09/2015,1,0,NA
1851,United Kingdom,08/09/2015,1,0,NA
1852,Mali,08/09/2015,7,0,NA
1853,Nigeria,08/09/2015,19,0,7
1854,Senegal,08/09/2015,1,0,0
1855,Spain,08/09/2015,1,0,0
1856,United States of America,08/09/2015,4,0,1
1857,Guinea,09/09/2015,3338,2,2078
1858,Sierra Leone,09/09/2015,8699,4697,3587
1859,Liberia,09/09/2015,3151,5636,NA
1860,Liberia 2,09/09/2015,6,NA,2
1861,Italy,09/09/2015,1,0,NA
1862,United Kingdom,09/09/2015,1,0,NA
1863,Mali,09/09/2015,7,0,NA
1864,Nigeria,09/09/2015,19,0,7
1865,Senegal,09/09/2015,1,0,0
1866,Spain,09/09/2015,1,0,0
1867,United States of America,09/09/2015,4,0,1
1868,Liberia,10/09/2015,3151,5636,NA
1869,Sierra Leone,10/09/2015,8702,4708,3587
1870,Guinea,10/09/2015,3338,1,2078
1871,Liberia 2,10/09/2015,6,NA,2
1872,Italy,10/09/2015,1,0,NA
1873,United Kingdom,10/09/2015,1,0,NA
1874,Mali,10/09/2015,7,0,NA
1875,Nigeria,10/09/2015,19,0,7
1876,Senegal,10/09/2015,1,0,0
1877,Spain,10/09/2015,1,0,0
1878,United States of America,10/09/2015,4,0,1
1879,Liberia,11/09/2015,3151,5636,NA
1880,Sierra Leone,11/09/2015,8703,4711,3587
1881,Guinea,11/09/2015,3338,1,2078
1882,Liberia 2,11/09/2015,6,NA,2
1883,Italy,11/09/2015,1,0,NA
1884,United Kingdom,11/09/2015,1,0,NA
1885,Mali,11/09/2015,7,0,NA
1886,Nigeria,11/09/2015,19,0,7
1887,Senegal,11/09/2015,1,0,0
1888,Spain,11/09/2015,1,0,0
1889,United States of America,11/09/2015,4,0,1
1890,Liberia,14/09/2015,3151,5636,NA
1891,Sierra Leone,14/09/2015,8703,4757,3587
1892,Guinea,14/09/2015,3338,3,2078
1893,Liberia 2,14/09/2015,6,NA,2
1894,Italy,14/09/2015,1,0,NA
1895,United Kingdom,14/09/2015,1,0,NA
1896,Mali,14/09/2015,7,0,NA
1897,Nigeria,14/09/2015,19,0,7
1898,Senegal,14/09/2015,1,0,0
1899,Spain,14/09/2015,1,0,0
1900,United States of America,14/09/2015,4,0,1
1901,Sierra Leone,15/09/2015,8704,4765,3587
1902,Guinea,15/09/2015,3338,2,2078
1903,Liberia,15/09/2015,3151,5636,NA
1904,Liberia 2,15/09/2015,6,NA,2
1905,Italy,15/09/2015,1,0,NA
1906,United Kingdom,15/09/2015,1,0,NA
1907,Mali,15/09/2015,7,0,NA
1908,Nigeria,15/09/2015,19,0,7
1909,Senegal,15/09/2015,1,0,0
1910,Spain,15/09/2015,1,0,0
1911,United States of America,15/09/2015,4,0,1
1912,Guinea,16/09/2015,3338,2,2078
1913,Sierra Leone,16/09/2015,8704,4765,3587
1914,Liberia,16/09/2015,3151,5636,NA
1915,Liberia 2,16/09/2015,6,NA,2
1916,Italy,16/09/2015,1,0,NA
1917,United Kingdom,16/09/2015,1,0,NA
1918,Mali,16/09/2015,7,0,NA
1919,Nigeria,16/09/2015,19,0,7
1920,Senegal,16/09/2015,1,0,0
1921,Spain,16/09/2015,1,0,0
1922,United States of America,16/09/2015,4,0,1
1923,Liberia,17/09/2015,3151,5636,NA
1924,Sierra Leone,17/09/2015,8704,4788,3589
1925,Guinea,17/09/2015,3338,4,2078
1926,Liberia 2,17/09/2015,6,NA,2
1927,Italy,17/09/2015,1,0,NA
1928,United Kingdom,17/09/2015,1,0,NA
1929,Mali,17/09/2015,7,0,NA
1930,Nigeria,17/09/2015,19,0,7
1931,Senegal,17/09/2015,1,0,0
1932,Spain,17/09/2015,1,0,0
1933,United States of America,17/09/2015,4,0,1
1934,Liberia,18/09/2015,3151,5636,NA
1935,Sierra Leone,18/09/2015,8704,4794,3589
1936,Guinea,18/09/2015,3339,3,2079
1937,Liberia 2,18/09/2015,6,NA,2
1938,Italy,18/09/2015,1,0,NA
1939,United Kingdom,18/09/2015,1,0,NA
1940,Mali,18/09/2015,7,0,NA
1941,Nigeria,18/09/2015,19,0,7
1942,Senegal,18/09/2015,1,0,0
1943,Spain,18/09/2015,1,0,0
1944,United States of America,18/09/2015,4,0,1
1945,Sierra Leone,21/09/2015,8704,4820,3589
1946,Guinea,21/09/2015,3340,4,2079
1947,Liberia,21/09/2015,3151,5636,NA
1948,Liberia 2,21/09/2015,6,NA,2
1949,Italy,21/09/2015,1,0,NA
1950,United Kingdom,21/09/2015,1,0,NA
1951,Mali,21/09/2015,7,0,NA
1952,Nigeria,21/09/2015,19,0,7
1953,Senegal,21/09/2015,1,0,0
1954,Spain,21/09/2015,1,0,0
1955,United States of America,21/09/2015,4,0,1
1956,Guinea,22/09/2015,3340,7,2079
1957,Liberia,22/09/2015,3151,5636,NA
1958,Sierra Leone,22/09/2015,8704,4832,3589
1959,Liberia 2,22/09/2015,6,NA,2
1960,Italy,22/09/2015,1,0,NA
1961,United Kingdom,22/09/2015,1,0,NA
1962,Mali,22/09/2015,7,0,NA
1963,Nigeria,22/09/2015,19,0,7
1964,Senegal,22/09/2015,1,0,0
1965,Spain,22/09/2015,1,0,0
1966,United States of America,22/09/2015,4,0,1
1967,Liberia,23/09/2015,3151,5636,NA
1968,Sierra Leone,23/09/2015,8704,4832,3589
1969,Guinea,23/09/2015,3340,7,2079
1970,Liberia 2,23/09/2015,6,NA,2
1971,Italy,23/09/2015,1,0,NA
1972,United Kingdom,23/09/2015,1,0,NA
1973,Mali,23/09/2015,7,0,NA
1974,Nigeria,23/09/2015,19,0,7
1975,Senegal,23/09/2015,1,0,0
1976,Spain,23/09/2015,1,0,0
1977,United States of America,23/09/2015,4,0,1
1978,Liberia,24/09/2015,3151,5636,NA
1979,Sierra Leone,24/09/2015,8704,4855,3589
1980,Guinea,24/09/2015,3340,8,2080
1981,Liberia 2,24/09/2015,6,NA,2
1982,Italy,24/09/2015,1,0,NA
1983,United Kingdom,24/09/2015,1,0,NA
1984,Mali,24/09/2015,7,0,NA
1985,Nigeria,24/09/2015,19,0,7
1986,Senegal,24/09/2015,1,0,0
1987,Spain,24/09/2015,1,0,0
1988,United States of America,24/09/2015,4,0,1
1989,Liberia,25/09/2015,3151,5636,NA
1990,Sierra Leone,25/09/2015,8704,4864,3589
1991,Guinea,25/09/2015,3340,4,2080
1992,Liberia 2,25/09/2015,6,NA,2
1993,Italy,25/09/2015,1,0,NA
1994,United Kingdom,25/09/2015,1,0,NA
1995,Mali,25/09/2015,7,0,NA
1996,Nigeria,25/09/2015,19,0,7
1997,Senegal,25/09/2015,1,0,0
1998,Spain,25/09/2015,1,0,0
1999,United States of America,25/09/2015,4,0,1
2000,Sierra Leone,28/09/2015,8704,4903,3589
2001,Liberia,28/09/2015,3151,5636,NA
2002,Guinea,28/09/2015,3342,10,2080
2003,Liberia 2,28/09/2015,6,NA,2
2004,Italy,28/09/2015,1,0,NA
2005,United Kingdom,28/09/2015,1,0,NA
2006,Mali,28/09/2015,7,0,NA
2007,Nigeria,28/09/2015,19,0,7
2008,Senegal,28/09/2015,1,0,0
2009,Spain,28/09/2015,1,0,0
2010,United States of America,28/09/2015,4,0,1
2011,Liberia,29/09/2015,3151,5636,NA
2012,Sierra Leone,29/09/2015,8704,4920,3589
2013,Guinea,29/09/2015,3344,8,2080
2014,Liberia 2,29/09/2015,6,NA,2
2015,Italy,29/09/2015,1,0,NA
2016,United Kingdom,29/09/2015,1,0,NA
2017,Mali,29/09/2015,7,0,NA
2018,Nigeria,29/09/2015,19,0,7
2019,Senegal,29/09/2015,1,0,0
2020,Spain,29/09/2015,1,0,0
2021,United States of America,29/09/2015,4,0,1
2022,Liberia,30/09/2015,3151,5636,NA
2023,Sierra Leone,30/09/2015,8704,4920,3589
2024,Guinea,30/09/2015,3344,8,2080
2025,Liberia 2,30/09/2015,6,NA,2
2026,Italy,30/09/2015,1,0,NA
2027,United Kingdom,30/09/2015,1,0,NA
2028,Mali,30/09/2015,7,0,NA
2029,Nigeria,30/09/2015,19,0,7
2030,Senegal,30/09/2015,1,0,0
2031,Spain,30/09/2015,1,0,0
2032,United States of America,30/09/2015,4,0,1
2033,Sierra Leone,01/10/2015,8704,4937,3589
2034,Liberia,01/10/2015,3151,5636,NA
2035,Guinea,01/10/2015,3344,11,2080
2036,Liberia 2,01/10/2015,6,NA,2
2037,Italy,01/10/2015,1,0,NA
2038,United Kingdom,01/10/2015,1,0,NA
2039,Mali,01/10/2015,7,0,NA
2040,Nigeria,01/10/2015,19,0,7
2041,Senegal,01/10/2015,1,0,0
2042,Spain,01/10/2015,1,0,0
2043,United States of America,01/10/2015,4,0,1
2044,Sierra Leone,02/10/2015,8704,4940,3589
2045,Liberia,02/10/2015,3151,5636,NA
2046,Guinea,02/10/2015,3344,12,2080
2047,Liberia 2,02/10/2015,6,NA,2
2048,Italy,02/10/2015,1,0,NA
2049,United Kingdom,02/10/2015,1,0,NA
2050,Mali,02/10/2015,7,0,NA
2051,Nigeria,02/10/2015,19,0,7
2052,Senegal,02/10/2015,1,0,0
2053,Spain,02/10/2015,1,0,0
2054,United States of America,02/10/2015,4,0,1
2055,Liberia,05/10/2015,3151,5636,NA
2056,Sierra Leone,05/10/2015,8704,4950,3589
2057,Guinea,05/10/2015,3344,7,2081
2058,Liberia 2,05/10/2015,6,NA,2
2059,Italy,05/10/2015,1,0,NA
2060,United Kingdom,05/10/2015,1,0,NA
2061,Mali,05/10/2015,7,0,NA
2062,Nigeria,05/10/2015,19,0,7
2063,Senegal,05/10/2015,1,0,0
2064,Spain,05/10/2015,1,0,0
2065,United States of America,05/10/2015,4,0,1
2066,Guinea,06/10/2015,3344,7,2081
2067,Sierra Leone,06/10/2015,8704,4954,3589
2068,Liberia,06/10/2015,3151,5636,NA
2069,Liberia 2,06/10/2015,6,NA,2
2070,Italy,06/10/2015,1,0,NA
2071,United Kingdom,06/10/2015,1,0,NA
2072,Mali,06/10/2015,7,0,NA
2073,Nigeria,06/10/2015,19,0,7
2074,Senegal,06/10/2015,1,0,0
2075,Spain,06/10/2015,1,0,0
2076,United States of America,06/10/2015,4,0,1
2077,Liberia,07/10/2015,3151,5636,NA
2078,Sierra Leone,07/10/2015,8704,4954,3589
2079,Guinea,07/10/2015,3344,7,2081
2080,Liberia 2,07/10/2015,6,NA,2
2081,Italy,07/10/2015,1,0,NA
2082,United Kingdom,07/10/2015,1,0,NA
2083,Mali,07/10/2015,7,0,NA
2084,Nigeria,07/10/2015,19,0,7
2085,Senegal,07/10/2015,1,0,0
2086,Spain,07/10/2015,1,0,0
2087,United States of America,07/10/2015,4,0,1
2088,Liberia,08/10/2015,3151,5636,NA
2089,Sierra Leone,08/10/2015,8704,4965,3589
2090,Guinea,08/10/2015,3344,2,2081
2091,Liberia 2,08/10/2015,6,NA,2
2092,Italy,08/10/2015,1,0,NA
2093,United Kingdom,08/10/2015,1,0,NA
2094,Mali,08/10/2015,7,0,NA
2095,Nigeria,08/10/2015,19,0,7
2096,Senegal,08/10/2015,1,0,0
2097,Spain,08/10/2015,1,0,0
2098,United States of America,08/10/2015,4,0,1
2099,Sierra Leone,09/10/2015,8704,4966,3589
2100,Liberia,09/10/2015,3151,5636,NA
2101,Guinea,09/10/2015,3344,3,2081
2102,Liberia 2,09/10/2015,6,NA,2
2103,Italy,09/10/2015,1,0,NA
2104,United Kingdom,09/10/2015,1,0,NA
2105,Mali,09/10/2015,7,0,NA
2106,Nigeria,09/10/2015,19,0,7
2107,Senegal,09/10/2015,1,0,0
2108,Spain,09/10/2015,1,0,0
2109,United States of America,09/10/2015,4,0,1
2110,Sierra Leone,13/10/2015,8704,4991,3589
2111,Liberia,13/10/2015,3151,5636,NA
2112,Guinea,13/10/2015,3344,3,2081
2113,Liberia 2,13/10/2015,6,NA,2
2114,Italy,13/10/2015,1,0,NA
2115,United Kingdom,13/10/2015,1,0,NA
2116,Mali,13/10/2015,7,0,NA
2117,Nigeria,13/10/2015,19,0,7
2118,Senegal,13/10/2015,1,0,0
2119,Spain,13/10/2015,1,0,0
2120,United States of America,13/10/2015,4,0,1
2121,Liberia,15/10/2015,3151,5636,NA
2122,Sierra Leone,15/10/2015,8704,5001,3589
2123,Guinea,15/10/2015,3345,4,2081
2124,Liberia 2,15/10/2015,6,NA,2
2125,Italy,15/10/2015,1,0,NA
2126,United Kingdom,15/10/2015,1,0,NA
2127,Mali,15/10/2015,7,0,NA
2128,Nigeria,15/10/2015,19,0,7
2129,Senegal,15/10/2015,1,0,0
2130,Spain,15/10/2015,1,0,0
2131,United States of America,15/10/2015,4,0,1
2132,Guinea,16/10/2015,3346,5,2082
2133,Liberia,16/10/2015,3151,5636,NA
2134,Sierra Leone,16/10/2015,8704,5001,3589
2135,Liberia 2,16/10/2015,6,NA,2
2136,Italy,16/10/2015,1,0,NA
2137,United Kingdom,16/10/2015,1,0,NA
2138,Mali,16/10/2015,7,0,NA
2139,Nigeria,16/10/2015,19,0,7
2140,Senegal,16/10/2015,1,0,0
2141,Spain,16/10/2015,1,0,0
2142,United States of America,16/10/2015,4,0,1
2143,Sierra Leone,20/10/2015,8704,5010,3589
2144,Liberia,20/10/2015,3151,5636,NA
2145,Guinea,20/10/2015,3347,3,2082
2146,Liberia 2,20/10/2015,6,NA,2
2147,Italy,20/10/2015,1,0,NA
2148,United Kingdom,20/10/2015,1,0,NA
2149,Mali,20/10/2015,7,0,NA
2150,Nigeria,20/10/2015,19,0,7
2151,Senegal,20/10/2015,1,0,0
2152,Spain,20/10/2015,1,0,0
2153,United States of America,20/10/2015,4,0,1
2154,Sierra Leone,22/10/2015,8704,5040,3589
2155,Liberia,22/10/2015,3151,5636,NA
2156,Guinea,22/10/2015,3347,1,2082
2157,Liberia 2,22/10/2015,6,NA,2
2158,Italy,22/10/2015,1,0,NA
2159,United Kingdom,22/10/2015,1,0,NA
2160,Mali,22/10/2015,7,0,NA
2161,Nigeria,22/10/2015,19,0,7
2162,Senegal,22/10/2015,1,0,0
2163,Spain,22/10/2015,1,0,0
2164,United States of America,22/10/2015,4,0,1
2165,Guinea,23/10/2015,3347,1,2082
2166,Sierra Leone,23/10/2015,8704,5047,3589
2167,Liberia,23/10/2015,3151,5636,NA
2168,Liberia 2,23/10/2015,6,NA,2
2169,Italy,23/10/2015,1,0,NA
2170,United Kingdom,23/10/2015,1,0,NA
2171,Mali,23/10/2015,7,0,NA
2172,Nigeria,23/10/2015,19,0,7
2173,Senegal,23/10/2015,1,0,0
2174,Spain,23/10/2015,1,0,0
2175,United States of America,23/10/2015,4,0,1
2176,Sierra Leone,26/10/2015,8704,5061,3589
2177,Liberia,26/10/2015,3151,5636,NA
2178,Guinea,26/10/2015,3350,1,2082
2179,Liberia 2,26/10/2015,6,NA,2
2180,Italy,26/10/2015,1,0,NA
2181,United Kingdom,26/10/2015,1,0,NA
2182,Mali,26/10/2015,7,0,NA
2183,Nigeria,26/10/2015,19,0,7
2184,Senegal,26/10/2015,1,0,0
2185,Spain,26/10/2015,1,0,0
2186,United States of America,26/10/2015,4,0,1
2187,Sierra Leone,27/10/2015,8704,5070,3589
2188,Liberia,27/10/2015,3151,5636,NA
2189,Guinea,27/10/2015,3350,3,2082
2190,Liberia 2,27/10/2015,6,NA,2
2191,Italy,27/10/2015,1,0,NA
2192,United Kingdom,27/10/2015,1,0,NA
2193,Mali,27/10/2015,7,0,NA
2194,Nigeria,27/10/2015,19,0,7
2195,Senegal,27/10/2015,1,0,0
2196,Spain,27/10/2015,1,0,0
2197,United States of America,27/10/2015,4,0,1
2198,Sierra Leone,29/10/2015,8704,5075,3589
2199,Liberia,29/10/2015,3151,5636,NA
2200,Guinea,29/10/2015,3350,5,2083
2201,Liberia 2,29/10/2015,6,NA,2
2202,Italy,29/10/2015,1,0,NA
2203,United Kingdom,29/10/2015,1,0,NA
2204,Mali,29/10/2015,7,0,NA
2205,Nigeria,29/10/2015,19,0,7
2206,Senegal,29/10/2015,1,0,0
2207,Spain,29/10/2015,1,0,0
2208,United States of America,29/10/2015,4,0,1
2209,Sierra Leone,30/10/2015,8704,5076,3589
2210,Liberia,30/10/2015,3151,5636,NA
2211,Guinea,30/10/2015,3350,5,2083
2212,Liberia 2,30/10/2015,6,NA,2
2213,Italy,30/10/2015,1,0,NA
2214,United Kingdom,30/10/2015,1,0,NA
2215,Mali,30/10/2015,7,0,NA
2216,Nigeria,30/10/2015,19,0,7
2217,Senegal,30/10/2015,1,0,0
2218,Spain,30/10/2015,1,0,0
2219,United States of America,30/10/2015,4,0,1
2220,Guinea,03/11/2015,3351,6,2083
2221,Liberia,03/11/2015,3151,5636,NA
2222,Sierra Leone,03/11/2015,8704,5098,3589
2223,Liberia 2,03/11/2015,6,NA,2
2224,Italy,03/11/2015,1,0,NA
2225,United Kingdom,03/11/2015,1,0,NA
2226,Mali,03/11/2015,7,0,NA
2227,Nigeria,03/11/2015,19,0,7
2228,Senegal,03/11/2015,1,0,0
2229,Spain,03/11/2015,1,0,0
2230,United States of America,03/11/2015,4,0,1
2231,Guinea,05/11/2015,3351,1,2083
2232,Sierra Leone,05/11/2015,8704,5113,3589
2233,Liberia,05/11/2015,3151,5636,NA
2234,Liberia 2,05/11/2015,6,NA,2
2235,Italy,05/11/2015,1,0,NA
2236,United Kingdom,05/11/2015,1,0,NA
2237,Mali,05/11/2015,7,0,NA
2238,Nigeria,05/11/2015,19,0,7
2239,Senegal,05/11/2015,1,0,0
2240,Spain,05/11/2015,1,0,0
2241,United States of America,05/11/2015,4,0,1
2242,Sierra Leone,06/11/2015,8704,5118,3589
2243,Liberia,06/11/2015,3151,5636,NA
2244,Guinea,06/11/2015,3351,1,2083
2245,Liberia 2,06/11/2015,6,NA,2
2246,Italy,06/11/2015,1,0,NA
2247,United Kingdom,06/11/2015,1,0,NA
2248,Mali,06/11/2015,7,0,NA
2249,Nigeria,06/11/2015,19,0,7
2250,Senegal,06/11/2015,1,0,0
2251,Spain,06/11/2015,1,0,0
2252,United States of America,06/11/2015,4,0,1
2253,Liberia,10/11/2015,3151,5636,NA
2254,Sierra Leone,10/11/2015,8704,5131,3589
2255,Guinea,10/11/2015,3351,1,2083
2256,Liberia 2,10/11/2015,6,NA,2
2257,Italy,10/11/2015,1,0,NA
2258,United Kingdom,10/11/2015,1,0,NA
2259,Mali,10/11/2015,7,0,NA
2260,Nigeria,10/11/2015,19,0,7
2261,Senegal,10/11/2015,1,0,0
2262,Spain,10/11/2015,1,0,0
2263,United States of America,10/11/2015,4,0,1
2264,Liberia,11/11/2015,3151,5636,NA
2265,Guinea,11/11/2015,3351,1,2083
2266,Sierra Leone,11/11/2015,8704,5131,3589
2267,Liberia 2,11/11/2015,6,NA,2
2268,Italy,11/11/2015,1,0,NA
2269,United Kingdom,11/11/2015,1,0,NA
2270,Mali,11/11/2015,7,0,NA
2271,Nigeria,11/11/2015,19,0,7
2272,Senegal,11/11/2015,1,0,0
2273,Spain,11/11/2015,1,0,0
2274,United States of America,11/11/2015,4,0,1
2275,Liberia,12/11/2015,3151,5636,NA
2276,Sierra Leone,12/11/2015,8704,5131,3589
2277,Guinea,12/11/2015,3351,1,2083
2278,Liberia 2,12/11/2015,6,NA,2
2279,Italy,12/11/2015,1,0,NA
2280,United Kingdom,12/11/2015,1,0,NA
2281,Mali,12/11/2015,7,0,NA
2282,Nigeria,12/11/2015,19,0,7
2283,Senegal,12/11/2015,1,0,0
2284,Spain,12/11/2015,1,0,0
2285,United States of America,12/11/2015,4,0,1
2286,Liberia,16/11/2015,3151,5636,NA
2287,Sierra Leone,16/11/2015,8704,5131,3589
2288,Guinea,16/11/2015,3351,1,2083
2289,Liberia 2,16/11/2015,6,NA,2
2290,Italy,16/11/2015,1,0,NA
2291,United Kingdom,16/11/2015,1,0,NA
2292,Mali,16/11/2015,7,0,NA
2293,Nigeria,16/11/2015,19,0,7
2294,Senegal,16/11/2015,1,0,0
2295,Spain,16/11/2015,1,0,0
2296,United States of America,16/11/2015,4,0,1
2297,Liberia,17/11/2015,3151,5636,NA
2298,Sierra Leone,17/11/2015,8704,5131,3589
2299,Guinea,17/11/2015,3351,0,2083
2300,Liberia 2,17/11/2015,6,NA,2
2301,Italy,17/11/2015,1,0,NA
2302,United Kingdom,17/11/2015,1,0,NA
2303,Mali,17/11/2015,7,0,NA
2304,Nigeria,17/11/2015,19,0,7
2305,Senegal,17/11/2015,1,0,0
2306,Spain,17/11/2015,1,0,0
2307,United States of America,17/11/2015,4,0,1
2308,Guinea,20/11/2015,3351,0,2083
2309,Sierra Leone,20/11/2015,8704,5131,3589
2310,Liberia,20/11/2015,3151,5636,NA
2311,Liberia 2,20/11/2015,6,NA,2
2312,Italy,20/11/2015,1,0,NA
2313,United Kingdom,20/11/2015,1,0,NA
2314,Mali,20/11/2015,7,0,NA
2315,Nigeria,20/11/2015,19,0,7
2316,Senegal,20/11/2015,1,0,0
2317,Spain,20/11/2015,1,0,0
2318,United States of America,20/11/2015,4,0,1
2319,Sierra Leone,24/11/2015,8704,5131,3589
2320,Liberia,24/11/2015,3151,5636,NA
2321,Guinea,24/11/2015,3351,0,2083
2322,Liberia 2,24/11/2015,6,NA,2
2323,Italy,24/11/2015,1,0,NA
2324,United Kingdom,24/11/2015,1,0,NA
2325,Mali,24/11/2015,7,0,NA
2326,Nigeria,24/11/2015,19,0,7
2327,Senegal,24/11/2015,1,0,0
2328,Spain,24/11/2015,1,0,0
2329,United States of America,24/11/2015,4,0,1
2330,Liberia,26/11/2015,3151,5636,NA
2331,Sierra Leone,26/11/2015,8704,5131,3589
2332,Guinea,26/11/2015,3351,0,2083
2333,Liberia 2,26/11/2015,9,NA,2
2334,Italy,26/11/2015,1,0,NA
2335,United Kingdom,26/11/2015,1,0,NA
2336,Mali,26/11/2015,7,0,NA
2337,Nigeria,26/11/2015,19,0,7
2338,Senegal,26/11/2015,1,0,0
2339,Spain,26/11/2015,1,0,0
2340,United States of America,26/11/2015,4,0,1
2341,Liberia,01/12/2015,3151,5636,NA
2342,Sierra Leone,01/12/2015,8704,5131,3589
2343,Guinea,01/12/2015,3351,0,2083
2344,Liberia 2,01/12/2015,9,NA,2
2345,Italy,01/12/2015,1,0,NA
2346,United Kingdom,01/12/2015,1,0,NA
2347,Mali,01/12/2015,7,0,NA
2348,Nigeria,01/12/2015,19,0,7
2349,Senegal,01/12/2015,1,0,0
2350,Spain,01/12/2015,1,0,0
2351,United States of America,01/12/2015,4,0,1
2352,Liberia,02/12/2015,3151,5636,NA
2353,Guinea,02/12/2015,3351,0,2083
2354,Sierra Leone,02/12/2015,8704,5131,3589
2355,Liberia 2,02/12/2015,9,NA,3
2356,Italy,02/12/2015,1,0,NA
2357,United Kingdom,02/12/2015,1,0,NA
2358,Mali,02/12/2015,7,0,NA
2359,Nigeria,02/12/2015,19,0,7
2360,Senegal,02/12/2015,1,0,0
2361,Spain,02/12/2015,1,0,0
2362,United States of America,02/12/2015,4,0,1
2363,Guinea,03/12/2015,3351,1,2083
2364,Liberia,03/12/2015,3151,5636,NA
2365,Sierra Leone,03/12/2015,8704,5131,3589
2366,Liberia 2,03/12/2015,9,NA,3
2367,Italy,03/12/2015,1,0,NA
2368,United Kingdom,03/12/2015,1,0,NA
2369,Mali,03/12/2015,7,0,NA
2370,Nigeria,03/12/2015,19,0,7
2371,Senegal,03/12/2015,1,0,0
2372,Spain,03/12/2015,1,0,0
2373,United States of America,03/12/2015,4,0,1
2374,Guinea,09/12/2015,3351,0,2083
2375,Liberia,09/12/2015,3151,5636,NA
2376,Sierra Leone,09/12/2015,8704,5131,3589
2377,Liberia 2,09/12/2015,9,NA,3
2378,Italy,09/12/2015,1,0,NA
2379,United Kingdom,09/12/2015,1,0,NA
2380,Mali,09/12/2015,7,0,NA
2381,Nigeria,09/12/2015,19,0,7
2382,Senegal,09/12/2015,1,0,0
2383,Spain,09/12/2015,1,0,0
2384,United States of America,09/12/2015,4,0,1
2385,Guinea,10/12/2015,3351,0,2083
2386,Sierra Leone,10/12/2015,8704,5131,3589
2387,Liberia,10/12/2015,3151,5636,NA
2388,Liberia 2,10/12/2015,9,NA,3
2389,Italy,10/12/2015,1,0,NA
2390,United Kingdom,10/12/2015,1,0,NA
2391,Mali,10/12/2015,7,0,NA
2392,Nigeria,10/12/2015,19,0,7
2393,Senegal,10/12/2015,1,0,0
2394,Spain,10/12/2015,1,0,0
2395,United States of America,10/12/2015,4,0,1
2396,Sierra Leone,11/12/2015,8704,5131,3589
2397,Liberia,11/12/2015,3151,5636,NA
2398,Guinea,11/12/2015,3351,0,2083
2399,Liberia 2,11/12/2015,9,NA,3
2400,Italy,11/12/2015,1,0,NA
2401,United Kingdom,11/12/2015,1,0,NA
2402,Mali,11/12/2015,7,0,NA
2403,Nigeria,11/12/2015,19,0,7
2404,Senegal,11/12/2015,1,0,0
2405,Spain,11/12/2015,1,0,0
2406,United States of America,11/12/2015,4,0,1
2407,Guinea,15/12/2015,3351,3,2083
2408,Liberia,15/12/2015,3151,5636,NA
2409,Sierra Leone,15/12/2015,8704,5131,3589
2410,Liberia 2,15/12/2015,9,NA,3
2411,Italy,15/12/2015,1,0,NA
2412,United Kingdom,15/12/2015,1,0,NA
2413,Mali,15/12/2015,7,0,NA
2414,Nigeria,15/12/2015,19,0,7
2415,Senegal,15/12/2015,1,0,0
2416,Spain,15/12/2015,1,0,0
2417,United States of America,15/12/2015,4,0,1
2418,Sierra Leone,16/12/2015,8704,5131,3589
2419,Guinea,16/12/2015,3351,3,2083
2420,Liberia,16/12/2015,3151,5636,NA
2421,Liberia 2,16/12/2015,9,NA,3
2422,Italy,16/12/2015,1,0,NA
2423,United Kingdom,16/12/2015,1,0,NA
2424,Mali,16/12/2015,7,0,NA
2425,Nigeria,16/12/2015,19,0,7
2426,Senegal,16/12/2015,1,0,0
2427,Spain,16/12/2015,1,0,0
2428,United States of America,16/12/2015,4,0,1
2429,Sierra Leone,17/12/2015,8704,5131,3589
2430,Liberia,17/12/2015,3151,5636,NA
2431,Guinea,17/12/2015,3351,1,2083
2432,Liberia 2,17/12/2015,9,NA,3
2433,Italy,17/12/2015,1,0,NA
2434,United Kingdom,17/12/2015,1,0,NA
2435,Mali,17/12/2015,7,0,NA
2436,Nigeria,17/12/2015,19,0,7
2437,Senegal,17/12/2015,1,0,0
2438,Spain,17/12/2015,1,0,0
2439,United States of America,17/12/2015,4,0,1
2440,Liberia,22/12/2015,3151,5636,NA
2441,Sierra Leone,22/12/2015,8704,5131,3589
2442,Guinea,22/12/2015,3351,0,2083
2443,Liberia 2,22/12/2015,9,NA,3
2444,Italy,22/12/2015,1,0,NA
2445,United Kingdom,22/12/2015,1,0,NA
2446,Mali,22/12/2015,7,0,NA
2447,Nigeria,22/12/2015,19,0,7
2448,Senegal,22/12/2015,1,0,0
2449,Spain,22/12/2015,1,0,0
2450,United States of America,22/12/2015,4,0,1
2451,Liberia,23/12/2015,3151,5636,NA
2452,Sierra Leone,23/12/2015,8704,5131,3589
2453,Guinea,23/12/2015,3351,0,2083
2454,Liberia 2,23/12/2015,9,NA,3
2455,Italy,23/12/2015,1,0,NA
2456,United Kingdom,23/12/2015,1,0,NA
2457,Mali,23/12/2015,7,0,NA
2458,Nigeria,23/12/2015,19,0,7
2459,Senegal,23/12/2015,1,0,0
2460,Spain,23/12/2015,1,0,0
2461,United States of America,23/12/2015,4,0,1
2462,Liberia,29/12/2015,3151,5636,NA
2463,Sierra Leone,29/12/2015,8704,5131,3589
2464,Guinea,29/12/2015,3351,0,2083
2465,Liberia 2,29/12/2015,9,NA,3
2466,Italy,29/12/2015,1,0,NA
2467,United Kingdom,29/12/2015,1,0,NA
2468,Mali,29/12/2015,7,0,NA
2469,Nigeria,29/12/2015,19,0,7
2470,Senegal,29/12/2015,1,0,0
2471,Spain,29/12/2015,1,0,0
2472,United States of America,29/12/2015,4,0,1
2473,Guinea,23/03/2016,3351,0,2083
2474,Liberia,23/03/2016,3151,5636,NA
2475,Sierra Leone,23/03/2016,8704,5131,3589
2476,Liberia 2,23/03/2016,9,NA,3
2477,Guinea 2,23/03/2016,2,0,1
2478,Italy,23/03/2016,1,0,NA
2479,United Kingdom,23/03/2016,1,0,NA
2480,Mali,23/03/2016,7,0,NA
2481,Nigeria,23/03/2016,19,0,7
2482,Senegal,23/03/2016,1,0,0
2483,Spain,23/03/2016,1,0,0
2484,United States of America,23/03/2016,4,0,1
